{
    "seed": 13,
    "data_id": 54,
    "time_taken": 0.8251872062683105,
    "train_acc": 0.9981481481481481,
    "val_acc": 0.8382352941176471,
    "test_acc": 0.8117647058823529,
    "train_loss": 0.03702388646759606
}