{
    "seed": 14125,
    "data_id": 1067,
    "time_taken": 2.043860912322998,
    "train_acc": 0.9251297257227576,
    "val_acc": 0.8461538461538461,
    "test_acc": 0.8649289099526066,
    "train_loss": 0.20002291683210183
}