{
    "seed": 14125,
    "data_id": 1169,
    "time_taken": 117.98243594169617,
    "train_acc": 0.6511367191573678,
    "val_acc": 0.6503209659104077,
    "test_acc": 0.6461896419069867,
    "train_loss": 0.6241448911383907
}