{
    "seed": 14125,
    "data_id": 12,
    "time_taken": 0.7030436992645264,
    "train_acc": 1.0,
    "val_acc": 0.975,
    "test_acc": 0.9625,
    "train_loss": 0.0010629853424604049
}