{
    "seed": 14125,
    "data_id": 1590,
    "time_taken": 43.333667516708374,
    "train_acc": 0.874272186320302,
    "val_acc": 0.8516954574536149,
    "test_acc": 0.8459412427065206,
    "train_loss": 0.2707660508050413
}