{
    "seed": 14125,
    "data_id": 31,
    "time_taken": 0.9991424083709717,
    "train_acc": 1.0,
    "val_acc": 0.625,
    "test_acc": 0.675,
    "train_loss": 0.010272017844238566
}