{
    "seed": 14125,
    "data_id": 3,
    "time_taken": 0.7781553268432617,
    "train_acc": 1.0,
    "val_acc": 0.9921875,
    "test_acc": 0.9921875,
    "train_loss": 0.001238197383673807
}