{
    "seed": 14125,
    "data_id": 54,
    "time_taken": 0.813140869140625,
    "train_acc": 1.0,
    "val_acc": 0.8308823529411765,
    "test_acc": 0.8117647058823529,
    "train_loss": 0.040182333485114685
}