{
    "best_model": "QDA",
    "best_accuracy": 0.8411764705882353,
    "total_training_time_sec": 0.8716542720794678,
    "all_results": {
        "LogisticRegression": {
            "test_acc": 0.788235294117647,
            "training_time_sec": 0.02150559425354004
        },
        "SVC": {
            "test_acc": 0.7647058823529411,
            "training_time_sec": 0.009000062942504883
        },
        "DecisionTree": {
            "test_acc": 0.6941176470588235,
            "training_time_sec": 0.003998279571533203
        },
        "RandomForest": {
            "test_acc": 0.7176470588235294,
            "training_time_sec": 0.10700774192810059
        },
        "GradientBoosting": {
            "test_acc": 0.788235294117647,
            "training_time_sec": 0.534111738204956
        },
        "AdaBoost": {
            "test_acc": 0.5647058823529412,
            "training_time_sec": 0.05450868606567383
        },
        "KNN": {
            "test_acc": 0.7235294117647059,
            "training_time_sec": 0.0
        },
        "NaiveBayes": {
            "test_acc": 0.48823529411764705,
            "training_time_sec": 0.0009980201721191406
        },
        "QDA": {
            "test_acc": 0.8411764705882353,
            "training_time_sec": 0.002000093460083008
        },
        "LDA": {
            "test_acc": 0.7529411764705882,
            "training_time_sec": 0.0010004043579101562
        }
    }
}