{
    "seed": 13,
    "data_id": 54,
    "time_taken": 20.47212839126587,
    "max_training_metric": 0.8397,
    "test_accuracy_best_non_nn_model": 0.8411764705882353
}