{
    "seed": 13,
    "data_id": 54,
    "total_time": 8037.272700548172,
    "max_train_acc": 0.9981481481481481,
    "min_train_loss": 0.004807571825329904,
    "max_val_acc": 0.8602941176470589,
    "min_val_loss": 0.3563264564556234,
    "max_test_acc": 0.8235294117647058,
    "min_test_loss": 0.39198508858680725
}