{
    "seed": 13,
    "data_id": 54,
    "total_time": 9430.3844602108,
    "max_train_acc": 1.0,
    "min_train_loss": 0.00014888875163939652,
    "max_val_acc": 0.8602941176470589,
    "min_val_loss": 0.38997942384551554,
    "max_test_acc": 0.8176470588235294,
    "min_test_loss": 0.4019591808319092
}