{
    "seed": 14125,
    "data_id": 1067,
    "training_time": 357.38726234436035,
    "max_train_acc": 0.9844329132690882,
    "min_train_loss": 0.05703692085450009,
    "max_val_acc": 0.8816568047337278,
    "min_val_loss": 0.3481589763827578,
    "max_test_acc": 0.8744075829383886,
    "min_test_loss": 0.3455198967908796
}