{
    "seed": 14125,
    "data_id": 1590,
    "training_time": 4683.767312288284,
    "max_train_acc": 0.8646106596711242,
    "min_train_loss": 0.2874021872528166,
    "max_val_acc": 0.8584772872680743,
    "min_val_loss": 0.3131784501856745,
    "max_test_acc": 0.8513665677141979,
    "min_test_loss": 0.3189718468990476
}