{
    "seed": 12,
    "data_id": 54,
    "training_time": 90.68894958496094,
    "max_train_acc": 0.9574074074074074,
    "min_train_loss": 0.1111247666594055,
    "max_val_acc": 0.8970588235294118,
    "min_val_loss": 0.2773786783218384,
    "max_test_acc": 0.8176470588235294,
    "min_test_loss": 0.37383511662483215
}