{
    "seed": 13,
    "data_id": 54,
    "time_budget": 61.41638517379761,
    "time_taken": 66.03779697418213,
    "naml_baseline_metric": 0.8411764705882353,
    "candidates_created": 880,
    "n_above_baseline_fcst": 0,
    "max_ebe_train_acc": 0.9666666666666667,
    "max_ebe_val_acc": 0.7720588235294118
}