{
    "seed": 13,
    "data_id": 54,
    "training_time": 95.69297623634338,
    "max_train_acc": 0.9981481481481481,
    "min_train_loss": 0.006890242836541599,
    "max_val_acc": 0.8529411764705882,
    "min_val_loss": 0.37529517359593334,
    "max_test_acc": 0.8411764705882353,
    "min_test_loss": 0.38298224806785586
}