{
    "seed": 13,
    "data_id": 54,
    "training_time": 216.07299709320068,
    "max_train_acc": 1.0,
    "min_train_loss": 0.0006274061978156506,
    "max_val_acc": 0.8602941176470589,
    "min_val_loss": 0.3588183793951483,
    "max_test_acc": 0.8176470588235294,
    "min_test_loss": 0.4318772567436099
}