{
    "seed": 13,
    "data_id": 54,
    "training_time": 79.69710993766785,
    "max_train_acc": 0.9962962962962963,
    "min_train_loss": 0.017807622688512006,
    "max_val_acc": 0.8529411764705882,
    "min_val_loss": 0.40275031328201294,
    "max_test_acc": 0.8176470588235294,
    "min_test_loss": 0.3887413442134857
}