id,batch_size,n_instances,epochs_trained,efforts,arch_hidden_layers,arch_shape,arch_depth,arch_activation_fn,arch_dropout_rate,arch_optimizer_type,arch_learning_rate,arch_weight_decay,arch_momentum,arch_batch_size,arch_use_skip_connections,arch_initializer,arch_lr_scheduler,arch_scheduler_params,arch_seed,train_loss,train_acc,val_loss,val_acc,test_loss,test_acc,forecasted_val_acc,score,fcst_greater_than_baseline,last_train_acc,last_train_loss,last_val_acc,last_val_loss,slope_val_acc,var_val_acc,gap_val_acc,p_sigmoid,p_mc,p_above_goal
8,512,"[69, 138]",1,[1],"[90, 78, 68, 57, 56, 48, 40, 34, 28, 27, 16, 16, 27, 28, 34, 40, 48, 56, 57, 68, 78, 90]",hourglass,21,<class 'torch.nn.modules.activation.Sigmoid'>,0.1,<class 'torch.optim.rmsprop.RMSprop'>,0.001559044554898602,0.001,,512,False,xavier_normal,step,"{'step_size': 5, 'gamma': 0.1}",113000,[2.246122121810913],[0.11594202898550725],[2.329223871231079],[0.10982658959537572],[],[],0.25982658959537575,0.016656242105803885,False,0.11594202898550725,2.246122121810913,0.10982658959537572,2.329223871231079,0.0,0.0,0.0,5.135019620830029e-11,0.0,1.540505886249009e-11
9,256,"[69, 138]",1,[1],"[91, 88, 80, 73, 72, 51, 44, 44, 38, 37, 35, 22, 3]",pyramid,13,<class 'torch.nn.modules.activation.Sigmoid'>,0.1,<class 'torch.optim.adam.Adam'>,0.000602683458612075,1e-06,,256,False,kaiming_uniform,step,"{'step_size': 10, 'gamma': 0.9}",127125,[2.2996647357940674],[0.13043478260869565],[2.30849027633667],[0.10982658959537572],[],[],0.25982658959537575,0.016656242105803885,False,0.13043478260869565,2.2996647357940674,0.10982658959537572,2.30849027633667,0.0,0.0,0.0,5.135019620830029e-11,0.0,1.540505886249009e-11
5,512,"[69, 138]",1,[1],"[83, 50, 26, 17]",pyramid,4,<class 'torch.nn.modules.activation.LeakyReLU'>,0.2,<class 'torch.optim.adam.Adam'>,0.020516704633678922,1e-05,,512,True,kaiming_normal,none,{},70625,[2.578382730484009],[0.043478260869565216],[2.1911559104919434],[0.08092485549132948],[],[],0.23092485549132946,0.0,False,0.043478260869565216,2.578382730484009,0.08092485549132948,2.1911559104919434,0.0,0.0,0.0,2.8807454513246806e-11,0.0,8.642236353974043e-12
10,512,"[69, 138, 276]",2,"[1, 2]","[7, 34, 50, 52, 53, 58, 64, 68, 69, 69, 71, 75, 76, 88, 88, 89, 97]",inv_pyramid,17,<class 'torch.nn.modules.activation.ReLU'>,0.4,<class 'torch.optim.rmsprop.RMSprop'>,0.007435141295848892,0.01,,512,False,kaiming_uniform,cosine,{'T_max': 50},141250,"[25.630035400390625, 109.92251586914062]","[0.14492753623188406, 0.10869565217391304]","[5.967861652374268, 2.211362838745117]","[0.10982658959537572, 0.10982658959537572]",[],[],0.25982658959537575,0.009088009565183672,False,0.10869565217391304,109.92251586914062,0.10982658959537572,2.211362838745117,0.0,0.0,0.0,5.135019620830029e-11,0.0,1.540505886249009e-11
21,512,"[69, 138, 276]",2,"[1, 2]","[87, 87, 87, 87, 87, 87, 87, 87, 87, 87, 87, 87, 87, 87, 87]",constant,15,<class 'torch.nn.modules.activation.ReLU'>,0.5,<class 'torch.optim.rmsprop.RMSprop'>,0.0002119264966723199,0.0001,,512,True,kaiming_uniform,exponential,{'gamma': 0.9},296625,"[28059.06640625, 21697.44921875]","[0.15942028985507245, 0.15942028985507245]","[154.8993377685547, 78.74829864501953]","[0.10982658959537572, 0.10404624277456648]",[],[],0.25404624277456644,0.005702513291962156,False,0.15942028985507245,21697.44921875,0.10404624277456648,78.74829864501953,0.0,0.0,0.0,4.574405528152679e-11,0.0,1.3723216584458038e-11
1,32,"[69, 138, 276]",2,"[3, 8]","[28, 23, 17, 17, 23, 28]",hourglass,5,<class 'torch.nn.modules.activation.GELU'>,0.4,<class 'torch.optim.adam.Adam'>,0.03903304514522225,1e-06,,32,True,kaiming_uniform,exponential,{'gamma': 0.99},14125,"[6.756938032481981, 4.540969624035601]","[0.08695652173913043, 0.10144927536231885]","[2.2491806173600213, 2.335706552329091]","[0.14450867052023122, 0.09826589595375723]",[],[],0.24826589595375723,0.0026866274704122803,False,0.10144927536231885,4.540969624035601,0.09826589595375723,2.335706552329091,0.0,0.0,0.0,4.0749962962359016e-11,0.0,1.2224988888707707e-11
27,32,"[69, 138]",1,[3],"[72, 23, 17, 17, 23, 28]",mutated,3,<class 'torch.nn.modules.activation.GELU'>,0.2,<class 'torch.optim.adamw.AdamW'>,0.00041348319330092163,1e-06,,32,False,kaiming_uniform,cosine,"{'T_max': 10, 'gamma': 0.99}",169500,[2.294780931610992],[0.13043478260869565],[2.22611312507894],[0.09248554913294797],[],[],0.24248554913294795,0.0,False,0.13043478260869565,2.294780931610992,0.09248554913294797,2.22611312507894,0.0,0.0,0.0,3.63010990436461e-11,0.0,1.0890329713093832e-11
6,1024,"[69, 138, 276, 552]",3,"[1, 2, 3]","[73, 73, 73, 73, 73, 73, 73, 73, 73, 73, 73, 73, 73, 73, 73, 73, 73, 73, 73, 73, 73, 73]",constant,22,<class 'torch.nn.modules.activation.LeakyReLU'>,0.4,<class 'torch.optim.rmsprop.RMSprop'>,0.0001431923924022744,0.01,,1024,True,xavier_uniform,exponential,{'gamma': 0.99},84750,"[34152.33203125, 19391.517578125, 15902.673828125]","[0.11594202898550725, 0.11594202898550725, 0.11594202898550725]","[81.95516967773438, 49.47322463989258, 34.5736083984375]","[0.12716763005780346, 0.12138728323699421, 0.10982658959537572]",[],[],0.25982658959537575,1.1788586731318246e-12,False,0.11594202898550725,15902.673828125,0.10982658959537572,34.5736083984375,-0.008670520231213869,5.197485901819486e-05,-0.014450867052023114,5.129684556852719e-11,0.0,1.5389053670558158e-11
4,1024,"[69, 138, 276, 552]",3,"[1, 2, 3]","[89, 86, 79, 35, 15, 13, 10]",pyramid,7,<class 'torch.nn.modules.activation.GELU'>,0.2,<class 'torch.optim.adamw.AdamW'>,0.026084817419894882,0.0001,,1024,True,kaiming_normal,cosine,{'T_max': 100},56500,"[2.6790695190429688, 2.641932487487793, 2.245380163192749]","[0.08695652173913043, 0.12318840579710146, 0.13405797101449277]","[2.223996639251709, 2.21333909034729, 2.2085866928100586]","[0.13872832369942195, 0.11560693641618497, 0.10982658959537572]",[],[],0.25982658959537575,1.1669509111435635e-12,False,0.13405797101449277,2.245380163192749,0.10982658959537572,2.2085866928100586,-0.014450867052023114,0.00015592457705458458,-0.017341040462427737,5.1190310518436125e-11,0.0,1.535709315553084e-11
26,32,"[69, 138, 276]",2,"[3, 8]","[28, 23, 17, 17, 23, 28]",hourglass,5,<class 'torch.nn.modules.activation.GELU'>,0.4,<class 'torch.optim.adam.Adam'>,0.03903304514522225,1e-06,,32,True,kaiming_uniform,exponential,{'gamma': 0.99},14125,"[6.756938032481981, 4.540969624035601]","[0.08695652173913043, 0.10144927536231885]","[2.2491806173600213, 2.335706552329091]","[0.14450867052023122, 0.09826589595375723]",[],[],0.24826589595375723,0.0,False,0.10144927536231885,4.540969624035601,0.09826589595375723,2.335706552329091,0.0,0.0,0.0,4.0749962962359016e-11,0.0,1.2224988888707707e-11
30,256,"[69, 138]",1,[1],"[89, 80, 78, 61, 60, 57, 52, 48, 37, 22, 8, 22, 37, 48, 52, 57, 60, 61, 78, 80, 89]",hourglass,20,<class 'torch.nn.modules.activation.ELU'>,0.5,<class 'torch.optim.adamw.AdamW'>,0.00011353760357248227,0.0,,256,True,xavier_normal,exponential,{'gamma': 0.95},14127,[2.803497791290283],[0.11594202898550725],[2.2009966373443604],[0.09826589595375723],[],[],0.24826589595375723,0.0,False,0.11594202898550725,2.803497791290283,0.09826589595375723,2.2009966373443604,0.0,0.0,0.0,4.0749962962359016e-11,0.0,1.2224988888707707e-11
33,32,"[69, 138]",1,[3],"[28, 23, 17, 17, 23, 28]",hourglass,5,<class 'torch.nn.modules.activation.GELU'>,0.4,<class 'torch.optim.adam.Adam'>,0.03903304514522225,1e-06,,32,True,kaiming_uniform,exponential,{'gamma': 0.99},14125,[6.756938032481981],[0.08695652173913043],[2.2491806173600213],[0.14450867052023122],[],[],0.2945086705202312,7.283332834205656e-12,False,0.08695652173913043,6.756938032481981,0.14450867052023122,2.2491806173600213,0.0,0.0,0.0,1.027511696825894e-10,0.0,3.0825350904776826e-11
34,1024,"[69, 138]",1,[1],"[93, 82, 77, 71, 71, 50, 46, 20, 9, 7, 5, 5, 3, 5, 5, 7, 9, 20, 46, 50, 71, 71, 77, 82, 93]",hourglass,24,<class 'torch.nn.modules.activation.ELU'>,0.5,<class 'torch.optim.adam.Adam'>,0.011884956687492048,0.01,,1024,False,kaiming_uniform,step,"{'step_size': 5, 'gamma': 0.9}",14128,[265.16717529296875],[0.07246376811594203],[2.4170732498168945],[0.12716763005780346],[],[],0.2771676300578034,3.745925043934486e-12,False,0.07246376811594203,265.16717529296875,0.12716763005780346,2.4170732498168945,0.0,0.0,0.0,7.26380941647003e-11,0.0,2.1791428249410093e-11
32,128,"[69, 138, 276]",2,"[1, 3]","[28, 23, 17, 72, 256]",mutated,3,<class 'torch.nn.modules.activation.GELU'>,0.2,<class 'torch.optim.adamw.AdamW'>,0.03903304514522225,1e-06,,128,False,kaiming_uniform,cosine,"{'T_max': 10, 'gamma': 0.99}",14125,"[2.7598788738250732, 6.278800535893095]","[0.043478260869565216, 0.12318840579710146]","[3.4444673722879044, 3.1845232351666932]","[0.15606936416184972, 0.12138728323699421]",[],[],0.27138728323699424,2.814353188950828e-12,False,0.12318840579710146,6.278800535893095,0.12138728323699421,3.1845232351666932,0.0,0.0,0.0,6.470785392024365e-11,0.0,1.9412356176073097e-11
36,128,"[69, 138]",1,[1],"[99, 97, 97, 96, 95, 93, 92, 86, 78, 71, 69, 64, 61, 60, 55, 50, 99, 256]",mutated,25,<class 'torch.nn.modules.activation.GELU'>,0.1,<class 'torch.optim.sgd.SGD'>,0.0655108914701854,0.0,0.95,128,True,kaiming_uniform,cosine,{'T_max': 50},155375,[2.974116802215576],[0.07246376811594203],[2.228480102009856],[0.11560693641618497],[],[],0.26560693641618494,1.9844853874602722e-12,False,0.07246376811594203,2.974116802215576,0.11560693641618497,2.228480102009856,0.0,0.0,0.0,5.7643395068516504e-11,0.0,1.7293018520554954e-11
29,32,"[69, 138, 276]",2,"[3, 8]","[28, 23, 17, 17, 23, 28]",hourglass,5,<class 'torch.nn.modules.activation.GELU'>,0.4,<class 'torch.optim.adam.Adam'>,0.03903304514522225,1e-06,,32,True,kaiming_uniform,exponential,{'gamma': 0.99},14125,"[6.756938032481981, 4.540969624035601]","[0.08695652173913043, 0.10144927536231885]","[2.2491806173600213, 2.335706552329091]","[0.14450867052023122, 0.09826589595375723]",[],[],0.24826589595375723,0.0,False,0.10144927536231885,4.540969624035601,0.09826589595375723,2.335706552329091,0.0,0.0,0.0,4.0749962962359016e-11,0.0,1.2224988888707707e-11
35,32,"[69, 138, 276]",2,"[3, 8]","[72, 11, 11, 55]",mutated,3,<class 'torch.nn.modules.activation.GELU'>,0.2,<class 'torch.optim.adamw.AdamW'>,0.00041348319330092163,1e-06,,32,False,kaiming_uniform,cosine,{'T_max': 10},169500,"[2.459535298140153, 2.3224715219027754]","[0.07246376811594203, 0.15217391304347827]","[2.215372430106808, 2.2082276178922267]","[0.14450867052023122, 0.15028901734104047]",[],[],0.30028901734104047,6.607885366120371e-12,False,0.15217391304347827,2.3224715219027754,0.15028901734104047,2.2082276178922267,0.0,0.0,0.0,1.1534379038596545e-10,0.0,3.460313711578964e-11
37,32,"[69, 138]",1,[3],"[28, 23, 17, 17, 23, 28]",hourglass,5,<class 'torch.nn.modules.activation.GELU'>,0.4,<class 'torch.optim.adam.Adam'>,0.03903304514522225,1e-06,,32,True,kaiming_uniform,exponential,{'gamma': 0.99},14125,[6.756938032481981],[0.08695652173913043],[2.2491806173600213],[0.14450867052023122],[],[],0.2945086705202312,5.307589685963295e-12,False,0.08695652173913043,6.756938032481981,0.14450867052023122,2.2491806173600213,0.0,0.0,0.0,1.027511696825894e-10,0.0,3.0825350904776826e-11
39,32,"[69, 138]",1,[3],"[72, 11, 11, 55]",mutated,3,<class 'torch.nn.modules.activation.GELU'>,0.2,<class 'torch.optim.adamw.AdamW'>,0.00041348319330092163,1e-06,,32,False,kaiming_uniform,cosine,{'T_max': 10},169500,[2.459535298140153],[0.07246376811594203],[2.215372430106808],[0.14450867052023122],[],[],0.2945086705202312,5.307589685963295e-12,False,0.07246376811594203,2.459535298140153,0.14450867052023122,2.215372430106808,0.0,0.0,0.0,1.027511696825894e-10,0.0,3.0825350904776826e-11
38,32,"[69, 138]",1,[3],"[73, 88, 4, 34, 37, 5, 78]",irregular,7,<class 'torch.nn.modules.activation.Tanh'>,0.4,<class 'torch.optim.adamw.AdamW'>,0.0017786103091322254,0.01,,32,True,xavier_uniform,step,"{'step_size': 30, 'gamma': 0.1}",14129,[2.230811215829158],[0.10144927536231885],[2.207408282109079],[0.10982658959537572],[],[],0.25982658959537575,0.0,False,0.10144927536231885,2.230811215829158,0.10982658959537572,2.207408282109079,0.0,0.0,0.0,5.135019620830029e-11,0.0,1.540505886249009e-11
40,128,"[69, 138]",1,[1],"[99, 62, 62, 72]",mutated,25,<class 'torch.nn.modules.activation.GELU'>,0.1,<class 'torch.optim.adamw.AdamW'>,0.00041348319330092163,1e-06,,128,False,xavier_normal,cosine,{'T_max': 10},155375,[2.219916582107544],[0.10144927536231885],[2.198225758668315],[0.10982658959537572],[],[],0.25982658959537575,0.0,False,0.10144927536231885,2.219916582107544,0.10982658959537572,2.198225758668315,0.0,0.0,0.0,5.135019620830029e-11,0.0,1.540505886249009e-11
13,32,"[69, 138, 276, 552, 1104, 1382, 1382]",6,"[3, 8, 17, 35, 57, 79]","[11, 11, 11, 11, 11, 11, 11, 11, 11, 11, 11, 11, 11, 11, 11, 11, 11]",constant,17,<class 'torch.nn.modules.activation.Sigmoid'>,0.2,<class 'torch.optim.sgd.SGD'>,0.03863077527237173,0.0,0.99,32,True,kaiming_uniform,cosine,{'T_max': 50},183625,"[2.276727130447609, 2.264656726864801, 2.242772935093313, 2.265177629996037, 2.2527691110343215, 2.228534690550543]","[0.14492753623188406, 0.13043478260869565, 0.11594202898550725, 0.09782608695652174, 0.12156295224312591, 0.10130246020260492]","[2.24489747306515, 2.2142564492418586, 2.241052522824679, 2.217376066770168, 2.2100659491698864, 2.2017452730608813]","[0.10982658959537572, 0.10982658959537572, 0.10982658959537572, 0.10982658959537572, 0.10982658959537572, 0.10982658959537572]",[],[],0.3401806336080425,2.4617026071903253e-11,False,0.10130246020260492,2.228534690550543,0.10982658959537572,2.2017452730608813,0.0,0.0,0.0,2.561464409776267e-10,0.0,7.684393229328803e-11
42,32,"[69, 138]",1,[3],"[28, 23, 17, 17, 23, 28]",hourglass,5,<class 'torch.nn.modules.activation.GELU'>,0.4,<class 'torch.optim.adam.Adam'>,0.03903304514522225,1e-06,,32,True,kaiming_uniform,exponential,{'gamma': 0.99},14125,[6.756938032481981],[0.08695652173913043],[2.2491806173600213],[0.14450867052023122],[],[],0.2945086705202312,7.744854777421776e-12,False,0.08695652173913043,6.756938032481981,0.14450867052023122,2.2491806173600213,0.0,0.0,0.0,1.027511696825894e-10,0.0,3.0825350904776826e-11
43,512,"[69, 138]",1,[1],"[75, 10, 18, 100, 33, 38, 30, 51, 7, 94, 68, 19, 35, 57, 49]",irregular,15,<class 'torch.nn.modules.activation.LeakyReLU'>,0.0,<class 'torch.optim.adam.Adam'>,0.00036917801697302754,1e-06,,512,True,xavier_uniform,step,"{'step_size': 30, 'gamma': 0.5}",14130,[2.201382637023926],[0.10144927536231885],[2.1998395919799805],[0.10982658959537572],[],[],0.25982658959537575,2.0911861744746796e-12,False,0.10144927536231885,2.201382637023926,0.10982658959537572,2.1998395919799805,0.0,0.0,0.0,5.135019620830029e-11,0.0,1.540505886249009e-11
44,128,"[69, 138]",1,[1],"[44, 97, 97, 96, 95, 93, 92, 86, 78, 71, 69, 64, 61, 60, 55, 50, 46, 35, 30, 23, 17, 7, 7, 6, 5]",mutated,7,<class 'torch.nn.modules.activation.GELU'>,0.2,<class 'torch.optim.adamw.AdamW'>,0.0021515234499361693,0.0,,128,True,kaiming_normal,cosine,{'T_max': 100},155375,[8.856727600097656],[0.10144927536231885],[2.2526917402454885],[0.10982658959537572],[],[],0.25982658959537575,2.0911861744746796e-12,False,0.10144927536231885,8.856727600097656,0.10982658959537572,2.2526917402454885,0.0,0.0,0.0,5.135019620830029e-11,0.0,1.540505886249009e-11
45,128,"[69, 138]",1,[1],"[72, 62, 97, 96, 95, 93, 92, 86, 78, 71, 69, 64, 61, 60, 55, 50, 46, 35, 30, 23, 17, 7, 7, 6, 5]",mutated,3,<class 'torch.nn.modules.activation.GELU'>,0.1,<class 'torch.optim.adamw.AdamW'>,0.0655108914701854,1e-06,,128,False,xavier_normal,cosine,{'T_max': 10},169500,[2.2388932704925537],[0.10144927536231885],[2.220609811000052],[0.10982658959537572],[],[],0.25982658959537575,2.0911861744746796e-12,False,0.10144927536231885,2.2388932704925537,0.10982658959537572,2.220609811000052,0.0,0.0,0.0,5.135019620830029e-11,0.0,1.540505886249009e-11
46,64,"[69, 138]",1,[2],"[55, 11, 79, 82]",mutated,7,<class 'torch.nn.modules.activation.GELU'>,0.2,<class 'torch.optim.adamw.AdamW'>,0.0021515234499361693,0.0,,64,True,kaiming_normal,cosine,{'T_max': 100},56500,[2.362597665924957],[0.10144927536231885],[2.255621699239477],[0.08670520231213873],[],[],0.2367052023121387,0.0,False,0.10144927536231885,2.362597665924957,0.08670520231213873,2.255621699239477,0.0,0.0,0.0,3.2337938392562354e-11,0.0,9.701381517768708e-12
47,32,"[69, 138]",1,[3],"[28, 23, 17, 17, 23, 28]",hourglass,5,<class 'torch.nn.modules.activation.GELU'>,0.4,<class 'torch.optim.adam.Adam'>,0.03903304514522225,1e-06,,32,True,kaiming_uniform,exponential,{'gamma': 0.99},14125,[6.756938032481981],[0.08695652173913043],[2.2491806173600213],[0.14450867052023122],[],[],0.2945086705202312,6.310814244164646e-12,False,0.08695652173913043,6.756938032481981,0.14450867052023122,2.2491806173600213,0.0,0.0,0.0,1.027511696825894e-10,0.0,3.0825350904776826e-11
49,1024,"[69, 138]",1,[1],"[96, 83, 75, 71, 65, 19, 18, 14, 12, 12, 14, 18, 19, 65, 71, 75, 83, 96]",hourglass,17,<class 'torch.nn.modules.activation.GELU'>,0.3,<class 'torch.optim.adamw.AdamW'>,0.00010097467475688998,0.0001,,1024,True,xavier_normal,cosine,{'T_max': 10},14137,[2.2010021209716797],[0.07246376811594203],[2.1975412368774414],[0.11560693641618497],[],[],0.26560693641618494,2.026894244985146e-12,False,0.07246376811594203,2.2010021209716797,0.11560693641618497,2.1975412368774414,0.0,0.0,0.0,5.7643395068516504e-11,0.0,1.7293018520554954e-11
51,128,"[69, 138]",1,[1],"[72, 62, 11, 55]",mutated,3,<class 'torch.nn.modules.activation.Tanh'>,0.2,<class 'torch.optim.adamw.AdamW'>,0.0021515234499361693,0.0,,128,False,kaiming_normal,cosine,{'T_max': 10},28250,[2.2759392261505127],[0.11594202898550725],[2.212921791683043],[0.11560693641618497],[],[],0.26560693641618494,2.026894244985146e-12,False,0.11594202898550725,2.2759392261505127,0.11560693641618497,2.212921791683043,0.0,0.0,0.0,5.7643395068516504e-11,0.0,1.7293018520554954e-11
48,1024,"[69, 138]",1,[1],"[4, 9, 12, 26, 27, 33, 39, 40, 61, 66, 71, 77, 80, 81, 84, 84]",triangular,16,<class 'torch.nn.modules.activation.GELU'>,0.3,<class 'torch.optim.sgd.SGD'>,0.0049853462588284846,1e-05,0.99,1024,True,xavier_normal,none,{},14131,[2.19563889503479],[0.11594202898550725],[2.198072910308838],[0.10982658959537572],[],[],0.25982658959537575,1.4292243158709103e-12,False,0.11594202898550725,2.19563889503479,0.10982658959537572,2.198072910308838,0.0,0.0,0.0,5.135019620830029e-11,0.0,1.540505886249009e-11
50,128,"[69, 138]",1,[1],"[44, 97, 97, 96, 95, 93, 92, 86, 78, 71, 69, 64, 61, 60, 55, 50, 46, 35, 30, 23, 17, 7, 7, 6, 5]",mutated,7,<class 'torch.nn.modules.activation.GELU'>,0.2,<class 'torch.optim.adamw.AdamW'>,0.0021515234499361693,0.0,,128,True,kaiming_normal,cosine,{'T_max': 100},155375,[8.856727600097656],[0.10144927536231885],[2.2526917402454885],[0.10982658959537572],[],[],0.25982658959537575,1.4292243158709103e-12,False,0.10144927536231885,8.856727600097656,0.10982658959537572,2.2526917402454885,0.0,0.0,0.0,5.135019620830029e-11,0.0,1.540505886249009e-11
52,128,"[69, 138]",1,[1],"[72, 62, 11, 55]",mutated,3,<class 'torch.nn.modules.activation.Tanh'>,0.2,<class 'torch.optim.adamw.AdamW'>,0.00041348319330092163,0.0,0.95,128,False,xavier_normal,cosine,{'T_max': 10},155375,[2.2168190479278564],[0.14492753623188406],[2.180961468316227],[0.09248554913294797],[],[],0.24248554913294795,0.0,False,0.14492753623188406,2.2168190479278564,0.09248554913294797,2.180961468316227,0.0,0.0,0.0,3.63010990436461e-11,0.0,1.0890329713093832e-11
22,32,"[69, 138, 276, 552, 1104, 1382, 1382, 1382, 1382]",8,"[3, 8, 17, 35, 57, 79, 101, 123]","[100, 75, 62, 53, 53, 48, 40, 39, 26, 25, 20, 14, 14, 14, 20, 25, 26, 39, 40, 48, 53, 53, 62, 75, 100]",hourglass,24,<class 'torch.nn.modules.activation.GELU'>,0.1,<class 'torch.optim.rmsprop.RMSprop'>,0.0005487765132012066,1e-05,,32,False,xavier_normal,cosine,{'T_max': 50},310750,"[2.2030414774797964, 2.2012577091438184, 2.200605465018231, 2.200051038161568, 2.1997256379051593, 2.198354887030749, 2.1971722097714284, 2.1957249044509424]","[0.08695652173913043, 0.10144927536231885, 0.10144927536231885, 0.10869565217391304, 0.11143270622286541, 0.11432706222865413, 0.12445730824891461, 0.1476121562952243]","[2.199873927011655, 2.1996545364401934, 2.1991946848830737, 2.1988004618297423, 2.198383261013582, 2.1981166111940595, 2.1979287221941646, 2.1978302153548754]","[0.10982658959537572, 0.10982658959537572, 0.10982658959537572, 0.10982658959537572, 0.10982658959537572, 0.10982658959537572, 0.10982658959537572, 0.10982658959537572]",[],[],0.32915679222967864,1.5548230750993882e-11,False,0.1476121562952243,2.1957249044509424,0.10982658959537572,2.1978302153548754,0.0,0.0,0.0,2.0546434856364259e-10,0.0,6.163930456909278e-11
57,64,"[69, 138]",1,[2],"[99, 97, 97, 72]",mutated,25,<class 'torch.nn.modules.activation.Tanh'>,0.1,<class 'torch.optim.sgd.SGD'>,0.0655108914701854,0.0,0.95,64,False,xavier_normal,cosine,{'T_max': 50},155375,[2.2200318039327427],[0.14492753623188406],[2.16098214022686],[0.17341040462427745],[],[],0.32341040462427745,1.3376705282101225e-11,False,0.14492753623188406,2.2200318039327427,0.17341040462427745,2.16098214022686,0.0,0.0,0.0,1.8315720054688522e-10,0.0,5.494716016406557e-11
53,32,"[69, 138]",1,[3],"[28, 23, 17, 17, 23, 28]",hourglass,5,<class 'torch.nn.modules.activation.GELU'>,0.4,<class 'torch.optim.adam.Adam'>,0.03903304514522225,1e-06,,32,True,kaiming_uniform,exponential,{'gamma': 0.99},14125,[6.756938032481981],[0.08695652173913043],[2.2491806173600213],[0.14450867052023122],[],[],0.2945086705202312,5.5494499223742374e-12,False,0.08695652173913043,6.756938032481981,0.14450867052023122,2.2491806173600213,0.0,0.0,0.0,1.027511696825894e-10,0.0,3.0825350904776826e-11
58,32,"[69, 138]",1,[3],"[55, 11, 11, 72]",mutated,3,<class 'torch.nn.modules.activation.Tanh'>,0.2,<class 'torch.optim.adamw.AdamW'>,0.0021515234499361693,0.0,,32,False,kaiming_uniform,none,{'T_max': 50},155375,[2.3057272468788037],[0.14492753623188406],[2.1660704585169093],[0.1329479768786127],[],[],0.28294797687861273,3.48463577612228e-12,False,0.14492753623188406,2.3057272468788037,0.1329479768786127,2.1660704585169093,0.0,0.0,0.0,8.154022122844821e-11,0.0,2.4462066368534466e-11
56,128,"[69, 138]",1,[1],"[44, 97, 97, 96, 95, 93, 92, 86, 78, 71, 69, 64, 61, 60, 55, 50, 46, 35, 30, 23, 17, 7, 7, 6, 5]",mutated,7,<class 'torch.nn.modules.activation.GELU'>,0.2,<class 'torch.optim.adamw.AdamW'>,0.0021515234499361693,0.0,,128,True,kaiming_normal,cosine,{'T_max': 100},155375,[8.856727600097656],[0.10144927536231885],[2.2526917402454885],[0.10982658959537572],[],[],0.25982658959537575,5.45738872380503e-13,False,0.10144927536231885,8.856727600097656,0.10982658959537572,2.2526917402454885,0.0,0.0,0.0,5.135019620830029e-11,0.0,1.540505886249009e-11
55,64,"[69, 138]",1,[2],"[95, 94, 88, 75, 70, 69, 62, 62, 38, 29, 28, 16, 16, 14, 12, 12, 10, 8]",triangular,18,<class 'torch.nn.modules.activation.Sigmoid'>,0.2,<class 'torch.optim.sgd.SGD'>,0.07032367822233777,0.0001,0.8,64,False,kaiming_uniform,exponential,{'gamma': 0.99},14139,[2.271666381670081],[0.13043478260869565],[2.283539441279593],[0.10982658959537572],[],[],0.25982658959537575,5.45738872380503e-13,False,0.13043478260869565,2.271666381670081,0.10982658959537572,2.283539441279593,0.0,0.0,0.0,5.135019620830029e-11,0.0,1.540505886249009e-11
54,128,"[69, 138]",1,[1],"[97, 95, 93, 88, 83, 52, 30, 23, 20, 15, 12, 6, 6, 12, 15, 20, 23, 30, 52, 83, 88, 93, 95, 97]",hourglass,23,<class 'torch.nn.modules.activation.GELU'>,0.3,<class 'torch.optim.sgd.SGD'>,0.0004802699158997481,0.01,0.8,128,True,kaiming_uniform,none,{},14132,[70.48957061767578],[0.11594202898550725],[2.3389852970321745],[0.10404624277456648],[],[],0.25404624277456644,0.0,False,0.11594202898550725,70.48957061767578,0.10404624277456648,2.3389852970321745,0.0,0.0,0.0,4.574405528152679e-11,0.0,1.3723216584458038e-11
7,32,"[69, 138, 276, 552, 1104, 1382, 1382, 1382, 1382, 1382]",9,"[3, 8, 17, 35, 57, 79, 101, 123, 145]","[98, 65, 60, 37, 37, 33, 31, 18, 15, 8]",pyramid,10,<class 'torch.nn.modules.activation.Tanh'>,0.5,<class 'torch.optim.adam.Adam'>,0.052164117530572714,1e-05,,32,True,kaiming_uniform,none,{},98875,"[2.4046275408371636, 2.2891481544660484, 2.2698711381442305, 2.2982330322265625, 2.2782513194767335, 2.2235007075600963, 2.2097260941644827, 2.1760093537839897, 2.141846288302873]","[0.11594202898550725, 0.10869565217391304, 0.15217391304347827, 0.09782608695652174, 0.10419681620839363, 0.1287988422575977, 0.13748191027496381, 0.1678726483357453, 0.18813314037626627]","[2.228666356533249, 2.2486811070083883, 2.261170015169706, 2.2246655287770176, 2.2018069697253275, 2.244537575396499, 2.254519818146105, 2.210143426939242, 2.2387620630980916]","[0.11560693641618497, 0.16184971098265896, 0.10404624277456648, 0.10404624277456648, 0.1329479768786127, 0.09826589595375723, 0.10982658959537572, 0.10404624277456648, 0.10982658959537572]",[],[],0.3294275454969157,1.5725690474216797e-11,False,0.18813314037626627,2.141846288302873,0.10982658959537572,2.2387620630980916,-4.0706667752177784e-05,0.0003563990332676222,-0.006502890173410408,2.0511270685576125e-10,0.0,6.153381205672839e-11
63,64,"[69, 138]",1,[2],"[72, 62, 79, 55]",mutated,7,<class 'torch.nn.modules.activation.GELU'>,0.2,<class 'torch.optim.adamw.AdamW'>,0.00041348319330092163,1e-06,,64,False,kaiming_normal,cosine,{'T_max': 10},169500,[2.3123213933861773],[0.15942028985507245],[2.252022171296136],[0.14450867052023122],[],[],0.2945086705202312,5.2569107744563615e-12,False,0.15942028985507245,2.3123213933861773,0.14450867052023122,2.252022171296136,0.0,0.0,0.0,1.027511696825894e-10,0.0,3.0825350904776826e-11
59,32,"[69, 138]",1,[3],"[28, 23, 17, 17, 23, 28]",hourglass,5,<class 'torch.nn.modules.activation.GELU'>,0.4,<class 'torch.optim.adam.Adam'>,0.03903304514522225,1e-06,,32,True,kaiming_uniform,exponential,{'gamma': 0.99},14125,[6.756938032481981],[0.08695652173913043],[2.2491806173600213],[0.14450867052023122],[],[],0.2945086705202312,5.2569107744563615e-12,False,0.08695652173913043,6.756938032481981,0.14450867052023122,2.2491806173600213,0.0,0.0,0.0,1.027511696825894e-10,0.0,3.0825350904776826e-11
65,32,"[69, 138]",1,[3],"[99, 86, 79, 55]",mutated,7,<class 'torch.nn.modules.activation.GELU'>,0.2,<class 'torch.optim.sgd.SGD'>,0.0655108914701854,0.0,0.95,32,True,xavier_normal,cosine,{'T_max': 50},56500,[2.206915122875269],[0.10144927536231885],[2.1995727740271245],[0.13872832369942195],[],[],0.2887283236994219,4.10963469271823e-12,False,0.10144927536231885,2.206915122875269,0.13872832369942195,2.1995727740271245,0.0,0.0,0.0,9.153334423809981e-11,0.0,2.7460003271429947e-11
60,512,"[69, 138]",1,[1],"[67, 82, 64, 67, 35, 67, 84, 30, 45, 70, 58, 67]",irregular,12,<class 'torch.nn.modules.activation.LeakyReLU'>,0.5,<class 'torch.optim.sgd.SGD'>,0.019538626620893246,0.001,0.8,512,True,kaiming_uniform,none,{},14133,[46.32884979248047],[0.057971014492753624],[2.2725818157196045],[0.11560693641618497],[],[],0.26560693641618494,6.436217576815972e-13,False,0.057971014492753624,46.32884979248047,0.11560693641618497,2.2725818157196045,0.0,0.0,0.0,5.7643395068516504e-11,0.0,1.7293018520554954e-11
61,32,"[69, 138]",1,[3],"[24, 22, 12]",pyramid,3,<class 'torch.nn.modules.activation.Sigmoid'>,0.1,<class 'torch.optim.rmsprop.RMSprop'>,0.0007300882229097138,1e-06,,32,True,kaiming_uniform,step,"{'step_size': 5, 'gamma': 0.5}",14141,[2.261244245197462],[0.11594202898550725],[2.238267621553013],[0.11560693641618497],[],[],0.26560693641618494,6.436217576815972e-13,False,0.11594202898550725,2.261244245197462,0.11560693641618497,2.238267621553013,0.0,0.0,0.0,5.7643395068516504e-11,0.0,1.7293018520554954e-11
62,128,"[69, 138]",1,[1],"[44, 97, 97, 96, 95, 93, 92, 86, 78, 71, 69, 64, 61, 60, 55, 50, 46, 35, 30, 23, 17, 7, 7, 6, 5]",mutated,7,<class 'torch.nn.modules.activation.GELU'>,0.2,<class 'torch.optim.adamw.AdamW'>,0.0021515234499361693,0.0,,128,True,kaiming_normal,cosine,{'T_max': 100},155375,[8.856727600097656],[0.10144927536231885],[2.2526917402454885],[0.10982658959537572],[],[],0.25982658959537575,0.0,False,0.10144927536231885,8.856727600097656,0.10982658959537572,2.2526917402454885,0.0,0.0,0.0,5.135019620830029e-11,0.0,1.540505886249009e-11
66,32,"[69, 138]",1,[3],"[28, 23, 17, 17, 23, 28]",hourglass,5,<class 'torch.nn.modules.activation.GELU'>,0.4,<class 'torch.optim.adam.Adam'>,0.03903304514522225,1e-06,,32,True,kaiming_uniform,exponential,{'gamma': 0.99},14125,[6.756938032481981],[0.08695652173913043],[2.2491806173600213],[0.14450867052023122],[],[],0.2945086705202312,5.2645113883606105e-12,False,0.08695652173913043,6.756938032481981,0.14450867052023122,2.2491806173600213,0.0,0.0,0.0,1.027511696825894e-10,0.0,3.0825350904776826e-11
71,16,"[69, 138]",1,[5],"[55, 11, 97, 96, 95, 93, 92, 86, 78, 71, 69, 64, 61, 60, 55, 50, 46, 35, 30, 23, 17, 7, 7, 6, 5]",mutated,25,<class 'torch.nn.modules.activation.Tanh'>,0.2,<class 'torch.optim.sgd.SGD'>,0.0021515234499361693,0.0,,16,False,xavier_normal,cosine,{'T_max': 50},155375,[2.1893261066381484],[0.11594202898550725],[2.210628666629681],[0.14450867052023122],[],[],0.2945086705202312,5.2645113883606105e-12,False,0.11594202898550725,2.1893261066381484,0.14450867052023122,2.210628666629681,0.0,0.0,0.0,1.027511696825894e-10,0.0,3.0825350904776826e-11
70,64,"[69, 138]",1,[2],"[99, 11, 11, 72]",mutated,3,<class 'torch.nn.modules.activation.Tanh'>,0.1,<class 'torch.optim.sgd.SGD'>,0.0655108914701854,0.0,0.95,64,False,kaiming_uniform,cosine,{'T_max': 50},155375,[2.1845329464345737],[0.15942028985507245],[2.164250208463283],[0.14450867052023122],[],[],0.2945086705202312,5.2645113883606105e-12,False,0.15942028985507245,2.1845329464345737,0.14450867052023122,2.164250208463283,0.0,0.0,0.0,1.027511696825894e-10,0.0,3.0825350904776826e-11
72,32,"[69, 138]",1,[3],"[55, 11, 11, 55]",mutated,3,<class 'torch.nn.modules.activation.Tanh'>,0.1,<class 'torch.optim.sgd.SGD'>,0.0021515234499361693,0.0,0.95,32,False,xavier_normal,none,{'T_max': 50},28250,[2.1961944137794385],[0.14492753623188406],[2.215629839483713],[0.13872832369942195],[],[],0.2887283236994219,4.115576537259065e-12,False,0.14492753623188406,2.1961944137794385,0.13872832369942195,2.215629839483713,0.0,0.0,0.0,9.153334423809981e-11,0.0,2.7460003271429947e-11
68,256,"[69, 138]",1,[1],"[86, 75, 62, 38, 29, 29, 18, 29, 29, 38, 62, 75, 86]",hourglass,12,<class 'torch.nn.modules.activation.ReLU'>,0.1,<class 'torch.optim.sgd.SGD'>,0.0038548610540861104,1e-05,0.95,256,True,kaiming_uniform,none,{},14143,[2.7434983253479004],[0.08695652173913043],[2.27972674369812],[0.11560693641618497],[],[],0.26560693641618494,6.445523271149386e-13,False,0.08695652173913043,2.7434983253479004,0.11560693641618497,2.27972674369812,0.0,0.0,0.0,5.7643395068516504e-11,0.0,1.7293018520554954e-11
67,128,"[69, 138]",1,[1],"[25, 88, 40, 37, 17, 24, 48, 11, 90, 18, 79, 82, 63, 43, 89, 72, 92, 88, 60, 59, 4]",irregular,21,<class 'torch.nn.modules.activation.GELU'>,0.1,<class 'torch.optim.sgd.SGD'>,0.061531710765274805,0.0001,0.8,128,False,kaiming_normal,step,"{'step_size': 5, 'gamma': 0.1}",14134,[4.886935234069824],[0.043478260869565216],[2.230484580718024],[0.10982658959537572],[],[],0.25982658959537575,0.0,False,0.043478260869565216,4.886935234069824,0.10982658959537572,2.230484580718024,0.0,0.0,0.0,5.135019620830029e-11,0.0,1.540505886249009e-11
69,128,"[69, 138]",1,[1],"[44, 97, 97, 96, 95, 93, 92, 86, 78, 71, 69, 64, 61, 60, 55, 50, 46, 35, 30, 23, 17, 7, 7, 6, 5]",mutated,7,<class 'torch.nn.modules.activation.GELU'>,0.2,<class 'torch.optim.adamw.AdamW'>,0.0021515234499361693,0.0,,128,True,kaiming_normal,cosine,{'T_max': 100},155375,[8.856727600097656],[0.10144927536231885],[2.2526917402454885],[0.10982658959537572],[],[],0.25982658959537575,0.0,False,0.10144927536231885,8.856727600097656,0.10982658959537572,2.2526917402454885,0.0,0.0,0.0,5.135019620830029e-11,0.0,1.540505886249009e-11
16,64,"[69, 138, 276, 552, 1104, 1382, 1382, 1382, 1382, 1382, 1382, 1382]",11,"[2, 5, 10, 19, 30, 41, 52, 63, 74, 85, 96]","[94, 85, 81, 81, 79, 75, 55, 45, 40, 38, 35, 34, 28, 26, 23, 23, 17, 15, 12, 5, 4]",pyramid,21,<class 'torch.nn.modules.activation.GELU'>,0.2,<class 'torch.optim.adamw.AdamW'>,0.0006585104721427294,1e-05,,64,False,xavier_uniform,none,{},226000,"[2.251586140065953, 2.256258169809977, 2.250365654627482, 2.2554778499879697, 2.2511270781156814, 2.248559238941728, 2.2444901963218764, 2.239499973319201, 2.2323454461463452, 2.2206515213515066, 2.199298729254782]","[0.11594202898550725, 0.11594202898550725, 0.11231884057971014, 0.1105072463768116, 0.11143270622286541, 0.11143270622286541, 0.11287988422575977, 0.11287988422575977, 0.12011577424023155, 0.12156295224312591, 0.12301013024602026]","[2.2561966463320515, 2.2558743581606473, 2.25513474100587, 2.2535122791466686, 2.2514504090898986, 2.2493185239031135, 2.247253428993887, 2.245258287198282, 2.243293483822332, 2.2408530519187795, 2.23029183238917]","[0.10982658959537572, 0.10982658959537572, 0.10982658959537572, 0.10982658959537572, 0.10982658959537572, 0.10982658959537572, 0.10982658959537572, 0.10982658959537572, 0.10982658959537572, 0.10982658959537572, 0.10982658959537572]",[],[],0.33592301809036795,1.8084056931669537e-11,False,0.12301013024602026,2.199298729254782,0.10982658959537572,2.23029183238917,0.0,1.925929944387236e-34,0.0,2.352378247704405e-10,0.0,7.057134743113216e-11
75,256,"[69, 138]",1,[1],"[46, 46, 46, 46, 46, 46, 46, 46, 46]",constant,9,<class 'torch.nn.modules.activation.GELU'>,0.2,<class 'torch.optim.sgd.SGD'>,0.0034260716389344415,0.001,0.8,256,True,kaiming_normal,step,"{'step_size': 30, 'gamma': 0.1}",14145,[38.17503356933594],[0.14492753623188406],[5.183361053466797],[0.18497109826589594],[],[],0.33497109826589594,1.768866853393909e-11,False,0.14492753623188406,38.17503356933594,0.18497109826589594,5.183361053466797,0.0,0.0,0.0,2.3080163762074472e-10,0.0,6.924049128622343e-11
73,32,"[69, 138]",1,[3],"[28, 23, 17, 17, 23, 28]",hourglass,5,<class 'torch.nn.modules.activation.GELU'>,0.4,<class 'torch.optim.adam.Adam'>,0.03903304514522225,1e-06,,32,True,kaiming_uniform,exponential,{'gamma': 0.99},14125,[6.756938032481981],[0.08695652173913043],[2.2491806173600213],[0.14450867052023122],[],[],0.2945086705202312,6.275789041203209e-12,False,0.08695652173913043,6.756938032481981,0.14450867052023122,2.2491806173600213,0.0,0.0,0.0,1.027511696825894e-10,0.0,3.0825350904776826e-11
76,128,"[69, 138]",1,[1],"[44, 97, 97, 96, 95, 93, 92, 86, 78, 71, 69, 64, 61, 60, 55, 50, 46, 35, 30, 23, 17, 7, 7, 6, 5]",mutated,7,<class 'torch.nn.modules.activation.GELU'>,0.2,<class 'torch.optim.adamw.AdamW'>,0.0021515234499361693,0.0,,128,True,kaiming_normal,cosine,{'T_max': 100},155375,[8.856727600097656],[0.10144927536231885],[2.2526917402454885],[0.10982658959537572],[],[],0.25982658959537575,1.6945241265392348e-12,False,0.10144927536231885,8.856727600097656,0.10982658959537572,2.2526917402454885,0.0,0.0,0.0,5.135019620830029e-11,0.0,1.540505886249009e-11
74,256,"[69, 138]",1,[1],"[7, 9, 21, 30, 43, 43, 45, 50, 63, 72, 73, 79, 83, 84, 85, 87, 96]",inv_pyramid,17,<class 'torch.nn.modules.activation.GELU'>,0.1,<class 'torch.optim.adamw.AdamW'>,0.004468714831503031,0.01,,256,False,kaiming_normal,none,{},14135,[2.613471508026123],[0.10144927536231885],[2.205507755279541],[0.10404624277456648],[],[],0.25404624277456644,1.1948601124454934e-12,False,0.10144927536231885,2.613471508026123,0.10404624277456648,2.205507755279541,0.0,0.0,0.0,4.574405528152679e-11,0.0,1.3723216584458038e-11
79,128,"[69, 138]",1,[1],"[99, 86, 79, 55]",mutated,7,<class 'torch.nn.modules.activation.Tanh'>,0.1,<class 'torch.optim.adamw.AdamW'>,0.0655108914701854,0.0,,128,True,xavier_normal,cosine,{'T_max': 50},56500,[2.225062608718872],[0.10144927536231885],[2.456486715746753],[0.09826589595375723],[],[],0.24826589595375723,7.497467541578258e-13,False,0.10144927536231885,2.225062608718872,0.09826589595375723,2.456486715746753,0.0,0.0,0.0,4.0749962962359016e-11,0.0,1.2224988888707707e-11
77,64,"[69, 138]",1,[2],"[55, 11, 79, 82]",mutated,7,<class 'torch.nn.modules.activation.GELU'>,0.2,<class 'torch.optim.adamw.AdamW'>,0.0021515234499361693,0.0,,64,True,kaiming_normal,cosine,{'T_max': 100},56500,[2.362597665924957],[0.10144927536231885],[2.255621699239477],[0.08670520231213873],[],[],0.2367052023121387,0.0,False,0.10144927536231885,2.362597665924957,0.08670520231213873,2.255621699239477,0.0,0.0,0.0,3.2337938392562354e-11,0.0,9.701381517768708e-12
85,32,"[69, 138]",1,[3],"[99, 97, 97, 55, 64]",mutated,25,<class 'torch.nn.modules.activation.Tanh'>,0.1,<class 'torch.optim.sgd.SGD'>,0.0655108914701854,0.0,0.95,32,False,xavier_normal,cosine,{'T_max': 50},155375,[2.2636033244754956],[0.10144927536231885],[2.128788764766186],[0.1676300578034682],[],[],0.3176300578034682,1.3256291413871156e-11,False,0.10144927536231885,2.2636033244754956,0.1676300578034682,2.128788764766186,0.0,0.0,0.0,1.6316107290341209e-10,0.0,4.894832187102363e-11
80,32,"[69, 138]",1,[3],"[28, 23, 17, 17, 23, 28]",hourglass,5,<class 'torch.nn.modules.activation.GELU'>,0.4,<class 'torch.optim.adam.Adam'>,0.03903304514522225,1e-06,,32,True,kaiming_uniform,exponential,{'gamma': 0.99},14125,[6.756938032481981],[0.08695652173913043],[2.2491806173600213],[0.14450867052023122],[],[],0.2945086705202312,7.808599107239662e-12,False,0.08695652173913043,6.756938032481981,0.14450867052023122,2.2491806173600213,0.0,0.0,0.0,1.027511696825894e-10,0.0,3.0825350904776826e-11
83,128,"[69, 138]",1,[1],"[99, 97, 97, 96, 95, 93, 92, 86, 78, 71, 69, 64, 61, 60, 55, 50, 46, 35, 30, 23, 17, 7, 7, 6, 5]",mutated,25,<class 'torch.nn.modules.activation.Tanh'>,0.1,<class 'torch.optim.sgd.SGD'>,0.0655108914701854,0.0,0.95,128,False,xavier_normal,cosine,{'T_max': 50},155375,[2.2780680656433105],[0.11594202898550725],[2.245411532462677],[0.12138728323699421],[],[],0.27138728323699424,4.377898716283775e-12,False,0.11594202898550725,2.2780680656433105,0.12138728323699421,2.245411532462677,0.0,0.0,0.0,6.470785392024365e-11,0.0,1.9412356176073097e-11
86,1024,"[69, 138]",1,[1],"[44, 86, 79, 55]",mutated,3,<class 'torch.nn.modules.activation.Tanh'>,0.2,<class 'torch.optim.adamw.AdamW'>,0.0021515234499361693,0.0,,1024,True,kaiming_normal,cosine,{'T_max': 100},56500,[2.2294695377349854],[0.14492753623188406],[2.2358624935150146],[0.12138728323699421],[],[],0.27138728323699424,4.377898716283775e-12,False,0.14492753623188406,2.2294695377349854,0.12138728323699421,2.2358624935150146,0.0,0.0,0.0,6.470785392024365e-11,0.0,1.9412356176073097e-11
82,512,"[69, 138]",1,[1],"[18, 24, 28, 32, 40, 43, 48, 53, 54, 56, 58, 58, 60, 61, 63, 63, 74, 75, 78, 82, 87, 89, 91, 92, 92]",triangular,25,<class 'torch.nn.modules.activation.GELU'>,0.4,<class 'torch.optim.adamw.AdamW'>,0.0012352281885971595,0.0001,,512,False,xavier_uniform,exponential,{'gamma': 0.9},14147,[2.1968019008636475],[0.11594202898550725],[2.199486494064331],[0.10982658959537572],[],[],0.25982658959537575,3.1733212335824257e-12,False,0.11594202898550725,2.1968019008636475,0.10982658959537572,2.199486494064331,0.0,0.0,0.0,5.135019620830029e-11,0.0,1.540505886249009e-11
81,64,"[69, 138]",1,[2],"[3, 27, 32, 53, 64, 71, 74, 90, 92]",inv_pyramid,9,<class 'torch.nn.modules.activation.ELU'>,0.4,<class 'torch.optim.adamw.AdamW'>,0.03507218359067636,0.001,,64,True,kaiming_uniform,none,{},14136,[10.733043864153434],[0.10144927536231885],[2.793976069874846],[0.09826589595375723],[],[],0.24826589595375723,2.217404967811801e-12,False,0.10144927536231885,10.733043864153434,0.09826589595375723,2.793976069874846,0.0,0.0,0.0,4.0749962962359016e-11,0.0,1.2224988888707707e-11
84,256,"[69, 138]",1,[1],"[72, 11, 11, 55]",mutated,25,<class 'torch.nn.modules.activation.Tanh'>,0.2,<class 'torch.optim.adamw.AdamW'>,0.00041348319330092163,0.0,,256,False,xavier_normal,cosine,{'T_max': 50},169500,[2.228221893310547],[0.10144927536231885],[2.2243127822875977],[0.05202312138728324],[],[],0.20202312138728323,0.0,False,0.10144927536231885,2.228221893310547,0.05202312138728324,2.2243127822875977,0.0,0.0,0.0,1.6160978862831113e-11,0.0,4.848293658849334e-12
93,64,"[69, 138]",1,[2],"[36, 62, 62, 72]",mutated,3,<class 'torch.nn.modules.activation.GELU'>,0.1,<class 'torch.optim.adamw.AdamW'>,0.0655108914701854,1e-06,,64,False,kaiming_uniform,cosine,{'T_max': 10},155375,[2.3903836823891904],[0.18840579710144928],[13.69220509832305],[0.15606936416184972],[],[],0.3060693641618497,7.186408592412962e-12,False,0.18840579710144928,2.3903836823891904,0.15606936416184972,13.69220509832305,0.0,0.0,0.0,1.2947969372688677e-10,0.0,3.8843908118066034e-11
87,32,"[69, 138]",1,[3],"[28, 23, 17, 17, 23, 28]",hourglass,5,<class 'torch.nn.modules.activation.GELU'>,0.4,<class 'torch.optim.adam.Adam'>,0.03903304514522225,1e-06,,32,True,kaiming_uniform,exponential,{'gamma': 0.99},14125,[6.756938032481981],[0.08695652173913043],[2.2491806173600213],[0.14450867052023122],[],[],0.2945086705202312,5.124968456859992e-12,False,0.08695652173913043,6.756938032481981,0.14450867052023122,2.2491806173600213,0.0,0.0,0.0,1.027511696825894e-10,0.0,3.0825350904776826e-11
92,64,"[69, 138]",1,[2],"[99, 11, 11, 55]",mutated,25,<class 'torch.nn.modules.activation.Tanh'>,0.1,<class 'torch.optim.adamw.AdamW'>,0.0655108914701854,0.0,0.95,64,False,kaiming_uniform,cosine,{'T_max': 50},155375,[2.315433115198992],[0.13043478260869565],[2.734169512125798],[0.13872832369942195],[],[],0.2887283236994219,4.259792528455818e-12,False,0.13043478260869565,2.315433115198992,0.13872832369942195,2.734169512125798,0.0,0.0,0.0,9.153334423809981e-11,0.0,2.7460003271429947e-11
91,128,"[69, 138]",1,[1],"[72, 62, 62, 72]",mutated,3,<class 'torch.nn.modules.activation.Tanh'>,0.2,<class 'torch.optim.adamw.AdamW'>,0.00041348319330092163,1e-06,,128,False,xavier_normal,cosine,{'T_max': 10},155375,[2.279648780822754],[0.07246376811594203],[2.2289654753800763],[0.1329479768786127],[],[],0.28294797687861273,3.489071899906602e-12,False,0.07246376811594203,2.279648780822754,0.1329479768786127,2.2289654753800763,0.0,0.0,0.0,8.154022122844821e-11,0.0,2.4462066368534466e-11
90,128,"[69, 138]",1,[1],"[99, 97, 97, 96, 95, 93, 92, 86, 78, 71, 69, 64, 61, 60, 55, 50, 46, 35, 30, 23, 17, 7, 7, 6, 5]",mutated,25,<class 'torch.nn.modules.activation.Tanh'>,0.1,<class 'torch.optim.sgd.SGD'>,0.0655108914701854,0.0,0.95,128,False,xavier_normal,cosine,{'T_max': 50},155375,[2.2780680656433105],[0.11594202898550725],[2.245411532462677],[0.12138728323699421],[],[],0.27138728323699424,2.190873859191901e-12,False,0.11594202898550725,2.2780680656433105,0.12138728323699421,2.245411532462677,0.0,0.0,0.0,6.470785392024365e-11,0.0,1.9412356176073097e-11
88,1024,"[69, 138]",1,[1],"[96, 83, 75, 71, 65, 19, 18, 14, 12, 12, 14, 18, 19, 65, 71, 75, 83, 96]",hourglass,17,<class 'torch.nn.modules.activation.GELU'>,0.3,<class 'torch.optim.adamw.AdamW'>,0.00010097467475688998,0.0001,,1024,True,xavier_normal,cosine,{'T_max': 10},14137,[2.2010021209716797],[0.07246376811594203],[2.1975412368774414],[0.11560693641618497],[],[],0.26560693641618494,1.6460267517056254e-12,False,0.07246376811594203,2.2010021209716797,0.11560693641618497,2.1975412368774414,0.0,0.0,0.0,5.7643395068516504e-11,0.0,1.7293018520554954e-11
89,64,"[69, 138]",1,[2],"[83, 83, 83, 83, 83, 83, 83, 83, 83]",constant,9,<class 'torch.nn.modules.activation.Tanh'>,0.5,<class 'torch.optim.adamw.AdamW'>,0.009002124732931736,0.0,,64,False,xavier_uniform,step,"{'step_size': 20, 'gamma': 0.9}",14149,[2.2707755116448887],[0.14492753623188406],[2.2145835691793807],[0.09248554913294797],[],[],0.24248554913294795,0.0,False,0.14492753623188406,2.2707755116448887,0.09248554913294797,2.2145835691793807,0.0,0.0,0.0,3.63010990436461e-11,0.0,1.0890329713093832e-11
19,128,"[69, 138, 276, 552, 1104, 1382, 1382, 1382, 1382, 1382, 1382, 1382, 1382, 1382, 1382]",14,"[1, 3, 6, 11, 17, 23, 29, 35, 41, 47, 53, 59, 65, 71]","[64, 18, 53, 60, 57, 65, 76, 11, 46, 87, 33, 6, 91, 86, 69, 64, 80, 18, 7, 73, 34, 66, 50, 77]",irregular,24,<class 'torch.nn.modules.activation.ReLU'>,0.4,<class 'torch.optim.adamw.AdamW'>,0.00024371540765642796,1e-05,,128,True,xavier_normal,step,"{'step_size': 10, 'gamma': 0.5}",268375,"[2.216032028198242, 2.2086360178131987, 2.2040831420732583, 2.2059052750684214, 2.2138338589288735, 2.210134965811038, 2.2062206620245353, 2.2020136547502664, 2.197557448650752, 2.193020420378093, 2.188017580167602, 2.182419969790579, 2.175861114013385, 2.1681049201319427]","[0.11594202898550725, 0.11594202898550725, 0.11594202898550725, 0.09963768115942029, 0.09985528219971057, 0.10564399421128799, 0.10709117221418235, 0.11287988422575977, 0.11577424023154848, 0.12156295224312591, 0.12590448625180897, 0.1345875542691751, 0.13748191027496381, 0.14905933429811866]","[2.199112033568366, 2.1990500461159415, 2.19897767022855, 2.1988970227324205, 2.198769938739049, 2.1986563522691673, 2.1985536696593884, 2.198460544464905, 2.198375015589543, 2.1982955684551615, 2.1982254292923593, 2.198161059032286, 2.1980990068071837, 2.198039792176616]","[0.10982658959537572, 0.10982658959537572, 0.10982658959537572, 0.10982658959537572, 0.10982658959537572, 0.10982658959537572, 0.10982658959537572, 0.10982658959537572, 0.10982658959537572, 0.10982658959537572, 0.10982658959537572, 0.10982658959537572, 0.10982658959537572, 0.10982658959537572]",[],[],0.3422205615443378,1.440421815341205e-11,False,0.14905933429811866,2.1681049201319427,0.10982658959537572,2.198039792176616,0.0,1.925929944387236e-34,1.3877787807814457e-17,2.668129541248858e-10,0.0,8.004388623746575e-11
99,32,"[69, 138]",1,[3],"[99, 62, 62, 72]",mutated,3,<class 'torch.nn.modules.activation.Tanh'>,0.1,<class 'torch.optim.adamw.AdamW'>,0.0655108914701854,1e-06,,32,True,xavier_normal,cosine,{'T_max': 50},155375,[2.287237823873326],[0.07246376811594203],[3.0921744156435045],[0.17341040462427745],[],[],0.32341040462427745,8.811624166510125e-12,False,0.07246376811594203,2.287237823873326,0.17341040462427745,3.0921744156435045,0.0,0.0,0.0,1.8315720054688522e-10,0.0,5.494716016406557e-11
94,32,"[69, 138]",1,[3],"[28, 23, 17, 17, 23, 28]",hourglass,5,<class 'torch.nn.modules.activation.GELU'>,0.4,<class 'torch.optim.adam.Adam'>,0.03903304514522225,1e-06,,32,True,kaiming_uniform,exponential,{'gamma': 0.99},14125,[6.756938032481981],[0.08695652173913043],[2.2491806173600213],[0.14450867052023122],[],[],0.2945086705202312,3.4362821787886064e-12,False,0.08695652173913043,6.756938032481981,0.14450867052023122,2.2491806173600213,0.0,0.0,0.0,1.027511696825894e-10,0.0,3.0825350904776826e-11
96,1024,"[69, 138]",1,[1],"[71, 70, 61, 31, 28, 10, 10, 8, 6, 4]",triangular,10,<class 'torch.nn.modules.activation.Tanh'>,0.0,<class 'torch.optim.adamw.AdamW'>,0.0016458845139763851,1e-05,,1024,True,kaiming_normal,exponential,{'gamma': 0.95},14151,[2.34637713432312],[0.13043478260869565],[2.311319589614868],[0.11560693641618497],[],[],0.26560693641618494,4.2071590534663184e-13,False,0.13043478260869565,2.34637713432312,0.11560693641618497,2.311319589614868,0.0,0.0,0.0,5.7643395068516504e-11,0.0,1.7293018520554954e-11
95,64,"[69, 138]",1,[2],"[59, 50, 26, 50, 59]",hourglass,4,<class 'torch.nn.modules.activation.GELU'>,0.2,<class 'torch.optim.rmsprop.RMSprop'>,0.036765921669137565,0.01,,64,False,xavier_normal,exponential,{'gamma': 0.95},14138,[72.36595286493716],[0.11594202898550725],[7817.676489681177],[0.10982658959537572],[],[],0.25982658959537575,0.0,False,0.11594202898550725,72.36595286493716,0.10982658959537572,7817.676489681177,0.0,0.0,0.0,5.135019620830029e-11,0.0,1.540505886249009e-11
98,512,"[69, 138]",1,[1],"[44, 97, 97, 48, 95, 93, 92, 86, 78, 71, 69, 64, 61, 60, 55, 50, 46, 35, 30, 23, 17, 7, 7, 6, 5]",mutated,25,<class 'torch.nn.modules.activation.GELU'>,0.1,<class 'torch.optim.sgd.SGD'>,0.0655108914701854,0.0,0.95,512,True,xavier_normal,cosine,{'T_max': 100},155375,[2.224080801010132],[0.11594202898550725],[2.226928949356079],[0.10982658959537572],[],[],0.25982658959537575,0.0,False,0.11594202898550725,2.224080801010132,0.10982658959537572,2.226928949356079,0.0,0.0,0.0,5.135019620830029e-11,0.0,1.540505886249009e-11
97,128,"[69, 138]",1,[1],"[99, 97, 97, 96, 95, 93, 92, 86, 78, 71, 69, 64, 61, 60, 55, 50, 46, 35, 30, 23, 17, 7, 7, 6, 5]",mutated,3,<class 'torch.nn.modules.activation.Tanh'>,0.2,<class 'torch.optim.adamw.AdamW'>,0.0655108914701854,0.0,0.95,128,False,kaiming_uniform,cosine,{'T_max': 50},155375,[2.2544291019439697],[0.11594202898550725],[2.2094212515505753],[0.10982658959537572],[],[],0.25982658959537575,0.0,False,0.11594202898550725,2.2544291019439697,0.10982658959537572,2.2094212515505753,0.0,0.0,0.0,5.135019620830029e-11,0.0,1.540505886249009e-11
107,128,"[69, 138]",1,[1],"[99, 97, 62, 72]",mutated,25,<class 'torch.nn.modules.activation.Tanh'>,0.1,<class 'torch.optim.sgd.SGD'>,0.0655108914701854,0.0,0.95,128,False,xavier_normal,cosine,{'T_max': 50},155375,[2.2401368618011475],[0.10144927536231885],[2.1882809490137705],[0.18497109826589594],[],[],0.33497109826589594,1.3512424329440821e-11,False,0.10144927536231885,2.2401368618011475,0.18497109826589594,2.1882809490137705,0.0,0.0,0.0,2.3080163762074472e-10,0.0,6.924049128622343e-11
101,32,"[69, 138]",1,[3],"[28, 23, 17, 17, 23, 28]",hourglass,5,<class 'torch.nn.modules.activation.GELU'>,0.4,<class 'torch.optim.adam.Adam'>,0.03903304514522225,1e-06,,32,True,kaiming_uniform,exponential,{'gamma': 0.99},14125,[6.756938032481981],[0.08695652173913043],[2.2491806173600213],[0.14450867052023122],[],[],0.2945086705202312,4.946473410730503e-12,False,0.08695652173913043,6.756938032481981,0.14450867052023122,2.2491806173600213,0.0,0.0,0.0,1.027511696825894e-10,0.0,3.0825350904776826e-11
104,512,"[69, 138]",1,[1],"[99, 65, 64, 54, 48, 41, 36, 8, 36, 41, 48, 54, 64, 65, 68]",mutated,25,<class 'torch.nn.modules.activation.Tanh'>,0.1,<class 'torch.optim.sgd.SGD'>,0.0655108914701854,0.0,0.95,512,False,xavier_normal,cosine,"{'T_max': 50, 'gamma': 0.9, 'step_size': 5}",155375,[2.2020504474639893],[0.08695652173913043],[2.1965527534484863],[0.1329479768786127],[],[],0.28294797687861273,3.527564551410912e-12,False,0.08695652173913043,2.2020504474639893,0.1329479768786127,2.1965527534484863,0.0,0.0,0.0,8.154022122844821e-11,0.0,2.4462066368534466e-11
106,64,"[69, 138]",1,[2],"[99, 145, 62, 55]",mutated,3,<class 'torch.nn.modules.activation.Tanh'>,0.2,<class 'torch.optim.adamw.AdamW'>,0.0655108914701854,0.0,,64,False,kaiming_uniform,cosine,{'T_max': 50},155375,[2.245761273563772],[0.13043478260869565],[2.4799154025281784],[0.1329479768786127],[],[],0.28294797687861273,3.527564551410912e-12,False,0.13043478260869565,2.245761273563772,0.1329479768786127,2.4799154025281784,0.0,0.0,0.0,8.154022122844821e-11,0.0,2.4462066368534466e-11
102,64,"[69, 138]",1,[2],"[95, 94, 88, 75, 70, 69, 62, 62, 38, 29, 28, 16, 16, 14, 12, 12, 10, 8]",triangular,18,<class 'torch.nn.modules.activation.Sigmoid'>,0.2,<class 'torch.optim.sgd.SGD'>,0.07032367822233777,0.0001,0.8,64,False,kaiming_uniform,exponential,{'gamma': 0.99},14139,[2.271666381670081],[0.13043478260869565],[2.283539441279593],[0.10982658959537572],[],[],0.25982658959537575,1.5079993227846262e-12,False,0.13043478260869565,2.271666381670081,0.10982658959537572,2.283539441279593,0.0,0.0,0.0,5.135019620830029e-11,0.0,1.540505886249009e-11
103,64,"[69, 138]",1,[2],"[3, 4, 5, 15, 18, 19, 23, 24, 28, 35, 45, 47, 57, 61, 64, 64, 64, 65, 66, 80, 85, 91, 93]",triangular,23,<class 'torch.nn.modules.activation.Tanh'>,0.3,<class 'torch.optim.adam.Adam'>,0.00043000449425731254,0.01,,64,False,kaiming_normal,none,{},14153,[2.2928250872570537],[0.08695652173913043],[2.2346421762697957],[0.09826589595375723],[],[],0.24826589595375723,7.988954891659271e-13,False,0.08695652173913043,2.2928250872570537,0.09826589595375723,2.2346421762697957,0.0,0.0,0.0,4.0749962962359016e-11,0.0,1.2224988888707707e-11
105,512,"[69, 138]",1,[1],"[68, 65, 64, 72]",mutated,14,<class 'torch.nn.modules.activation.Tanh'>,0.1,<class 'torch.optim.sgd.SGD'>,0.0007006700163436125,0.0,0.95,512,True,kaiming_uniform,step,"{'T_max': 50, 'gamma': 0.9, 'step_size': 5}",155375,[2.297691822052002],[0.057971014492753624],[2.266442060470581],[0.08092485549132948],[],[],0.23092485549132946,0.0,False,0.057971014492753624,2.297691822052002,0.08092485549132948,2.266442060470581,0.0,0.0,0.0,2.8807454513246806e-11,0.0,8.642236353974043e-12
108,32,"[69, 138]",1,[3],"[28, 23, 17, 17, 23, 28]",hourglass,5,<class 'torch.nn.modules.activation.GELU'>,0.4,<class 'torch.optim.adam.Adam'>,0.03903304514522225,1e-06,,32,True,kaiming_uniform,exponential,{'gamma': 0.99},14125,[6.756938032481981],[0.08695652173913043],[2.2491806173600213],[0.14450867052023122],[],[],0.2945086705202312,4.2079917285425414e-12,False,0.08695652173913043,6.756938032481981,0.14450867052023122,2.2491806173600213,0.0,0.0,0.0,1.027511696825894e-10,0.0,3.0825350904776826e-11
112,1024,"[69, 138]",1,[1],"[44, 86, 79, 72, 32]",mutated,3,<class 'torch.nn.modules.activation.Tanh'>,0.2,<class 'torch.optim.adamw.AdamW'>,0.0021515234499361693,0.0,,1024,True,kaiming_normal,cosine,{'T_max': 50},56500,[2.322340726852417],[0.13043478260869565],[2.1782443523406982],[0.1329479768786127],[],[],0.28294797687861273,2.7684149788138115e-12,False,0.13043478260869565,2.322340726852417,0.1329479768786127,2.1782443523406982,0.0,0.0,0.0,8.154022122844821e-11,0.0,2.4462066368534466e-11
111,512,"[69, 138]",1,[1],"[99, 65, 64, 54, 48, 41, 36, 8, 36, 41, 48, 54, 64, 65, 68]",mutated,25,<class 'torch.nn.modules.activation.Tanh'>,0.1,<class 'torch.optim.sgd.SGD'>,0.0655108914701854,0.0,0.95,512,False,xavier_normal,cosine,"{'T_max': 50, 'gamma': 0.9, 'step_size': 5}",155375,[2.2020504474639893],[0.08695652173913043],[2.1965527534484863],[0.1329479768786127],[],[],0.28294797687861273,2.7684149788138115e-12,False,0.08695652173913043,2.2020504474639893,0.1329479768786127,2.1965527534484863,0.0,0.0,0.0,8.154022122844821e-11,0.0,2.4462066368534466e-11
114,64,"[69, 138]",1,[2],"[99, 97, 62, 72, 128]",mutated,3,<class 'torch.nn.modules.activation.Tanh'>,0.1,<class 'torch.optim.adamw.AdamW'>,0.0655108914701854,0.0,,64,False,kaiming_uniform,cosine,{'T_max': 50},155375,[2.428189194720724],[0.043478260869565216],[3.0504582631105635],[0.1329479768786127],[],[],0.28294797687861273,2.7684149788138115e-12,False,0.043478260869565216,2.428189194720724,0.1329479768786127,3.0504582631105635,0.0,0.0,0.0,8.154022122844821e-11,0.0,2.4462066368534466e-11
110,256,"[69, 138]",1,[1],"[55, 43, 28, 12]",pyramid,4,<class 'torch.nn.modules.activation.ReLU'>,0.1,<class 'torch.optim.rmsprop.RMSprop'>,0.00011852591749778217,0.0,,256,True,kaiming_uniform,none,{},14155,[2.346278429031372],[0.11594202898550725],[2.286940336227417],[0.12716763005780346],[],[],0.2771676300578034,2.1642319470267375e-12,False,0.11594202898550725,2.346278429031372,0.12716763005780346,2.286940336227417,0.0,0.0,0.0,7.26380941647003e-11,0.0,2.1791428249410093e-11
109,512,"[69, 138]",1,[1],"[95, 86, 80, 69, 66, 59, 54, 49, 48, 43, 31, 16, 9, 16, 31, 43, 48, 49, 54, 59, 66, 69, 80, 86, 95]",hourglass,24,<class 'torch.nn.modules.activation.GELU'>,0.0,<class 'torch.optim.adamw.AdamW'>,0.004356048701862278,0.01,,512,True,xavier_uniform,cosine,{'T_max': 10},14140,[2.1992127895355225],[0.11594202898550725],[2.199276924133301],[0.10982658959537572],[],[],0.25982658959537575,7.194326720255288e-13,False,0.11594202898550725,2.1992127895355225,0.10982658959537572,2.199276924133301,0.0,0.0,0.0,5.135019620830029e-11,0.0,1.540505886249009e-11
113,128,"[69, 138]",1,[1],"[99, 86, 79, 55]",mutated,7,<class 'torch.nn.modules.activation.Tanh'>,0.1,<class 'torch.optim.adamw.AdamW'>,0.0655108914701854,0.0,,128,True,xavier_normal,cosine,{'T_max': 50},56500,[2.225062608718872],[0.10144927536231885],[2.456486715746753],[0.09826589595375723],[],[],0.24826589595375723,0.0,False,0.10144927536231885,2.225062608718872,0.09826589595375723,2.456486715746753,0.0,0.0,0.0,4.0749962962359016e-11,0.0,1.2224988888707707e-11
23,256,"[69, 138, 276, 552, 1104, 1382, 1382, 1382, 1382, 1382, 1382, 1382, 1382, 1382, 1382, 1382, 1382, 1382]",17,"[1, 2, 4, 7, 10, 13, 16, 19, 22, 25, 28, 31, 34, 37, 40, 43, 46]","[88, 75, 74, 48, 42, 29, 42, 48, 74, 75, 88]",hourglass,10,<class 'torch.nn.modules.activation.Sigmoid'>,0.1,<class 'torch.optim.adamw.AdamW'>,0.0002736146538133412,1e-05,,256,True,kaiming_uniform,none,{},324875,"[2.2387003898620605, 2.232837438583374, 2.232977134594019, 2.226310840551404, 2.2268963515672255, 2.2217773635549585, 2.2173857678552786, 2.213685443880934, 2.210628231078947, 2.2081517583209425, 2.206184069430604, 2.204644362246766, 2.2034514488601133, 2.2025269771967886, 2.2017981412614307, 2.2012032630992175, 2.200691632009967]","[0.11594202898550725, 0.10869565217391304, 0.11594202898550725, 0.10326086956521739, 0.11143270622286541, 0.11432706222865413, 0.1085383502170767, 0.09840810419681621, 0.10274963820549927, 0.10274963820549927, 0.10130246020260492, 0.10419681620839363, 0.11722141823444283, 0.11432706222865413, 0.10998552821997105, 0.10709117221418235, 0.1085383502170767]","[2.2375993728637695, 2.234084367752075, 2.2283363342285156, 2.2217934131622314, 2.2164337635040283, 2.2119264602661133, 2.20820689201355, 2.2052135467529297, 2.2028756141662598, 2.201111078262329, 2.1998331546783447, 2.1989519596099854, 2.198380947113037, 2.19804048538208, 2.1978600025177, 2.1977827548980713, 2.1977643966674805]","[0.10982658959537572, 0.10982658959537572, 0.10982658959537572, 0.10982658959537572, 0.10982658959537572, 0.10982658959537572, 0.10982658959537572, 0.10982658959537572, 0.10982658959537572, 0.10982658959537572, 0.10982658959537572, 0.10982658959537572, 0.10982658959537572, 0.10982658959537572, 0.10982658959537572, 0.10982658959537572, 0.10982658959537572]",[],[],0.3484834364320161,2.0229542222582995e-11,False,0.1085383502170767,2.200691632009967,0.10982658959537572,2.1977643966674805,0.0,0.0,0.0,3.0241654019472847e-10,0.0,9.072496205841855e-11
3,128,"[69, 138, 276, 552, 1104, 1382, 1382, 1382, 1382, 1382, 1382, 1382, 1382, 1382, 1382, 1382, 1382, 1382]",17,"[1, 3, 6, 11, 17, 23, 29, 35, 41, 47, 53, 59, 65, 71, 77, 83, 89]","[100, 92, 90, 80, 70, 68, 61, 56, 51, 50, 46, 46, 45, 43, 41, 33, 24, 22, 16, 16, 5, 3]",pyramid,22,<class 'torch.nn.modules.activation.Tanh'>,0.5,<class 'torch.optim.rmsprop.RMSprop'>,0.00013816103185302256,0.01,,128,False,xavier_normal,none,{},42375,"[2.426225423812866, 2.412937371627144, 2.377644697825114, 2.3359419090160425, 2.3890479159596687, 2.2739762328295563, 2.2201394410278277, 2.1718233301049548, 2.1436994296596987, 2.1230726314522594, 2.1063993963939924, 2.090041709187752, 2.0832675283103534, 2.073955702195119, 2.0693538071622726, 2.0618077262955707, 2.0543536532632523]","[0.11594202898550725, 0.14492753623188406, 0.09420289855072464, 0.11594202898550725, 0.10998552821997105, 0.14327062228654125, 0.1476121562952243, 0.1577424023154848, 0.1678726483357453, 0.1736613603473227, 0.17800289435600578, 0.1837916063675832, 0.18523878437047755, 0.18813314037626627, 0.191027496382055, 0.191027496382055, 0.19247467438494936]","[2.299185433139691, 2.294157753100974, 2.2895123545145024, 2.2871875749158033, 2.281400181654561, 2.2779492298302624, 2.2754720153147088, 2.2737886588697487, 2.27232066882139, 2.2706301487939204, 2.268898821979589, 2.267334221415437, 2.2661034867942678, 2.264782595496646, 2.263630731946471, 2.2623369900477415, 2.2612942036865764]","[0.11560693641618497, 0.11560693641618497, 0.11560693641618497, 0.11560693641618497, 0.11560693641618497, 0.11560693641618497, 0.11560693641618497, 0.11560693641618497, 0.11560693641618497, 0.11560693641618497, 0.11560693641618497, 0.11560693641618497, 0.11560693641618497, 0.11560693641618497, 0.11560693641618497, 0.11560693641618497, 0.11560693641618497]",[],[],0.3434839556235131,1.8147227751013853e-11,False,0.19247467438494936,2.0543536532632523,0.11560693641618497,2.2612942036865764,0.0,0.0,0.0,2.7364064830443044e-10,0.0,8.209219449132915e-11
115,32,"[69, 138]",1,[3],"[28, 23, 17, 17, 23, 28]",hourglass,5,<class 'torch.nn.modules.activation.GELU'>,0.4,<class 'torch.optim.adam.Adam'>,0.03903304514522225,1e-06,,32,True,kaiming_uniform,exponential,{'gamma': 0.99},14125,[6.756938032481981],[0.08695652173913043],[2.2491806173600213],[0.14450867052023122],[],[],0.2945086705202312,5.781125051929792e-12,False,0.08695652173913043,6.756938032481981,0.14450867052023122,2.2491806173600213,0.0,0.0,0.0,1.027511696825894e-10,0.0,3.0825350904776826e-11
117,64,"[69, 138]",1,[2],"[63, 49, 47]",irregular,3,<class 'torch.nn.modules.activation.ELU'>,0.4,<class 'torch.optim.sgd.SGD'>,0.0024924609638145774,0.0001,0.95,64,True,xavier_uniform,none,{},14157,[2.4993589995563896],[0.13043478260869565],[2.244921451359126],[0.11560693641618497],[],[],0.26560693641618494,2.5169839362609544e-12,False,0.13043478260869565,2.4993589995563896,0.11560693641618497,2.244921451359126,0.0,0.0,0.0,5.7643395068516504e-11,0.0,1.7293018520554954e-11
116,32,"[69, 138]",1,[3],"[24, 22, 12]",pyramid,3,<class 'torch.nn.modules.activation.Sigmoid'>,0.1,<class 'torch.optim.rmsprop.RMSprop'>,0.0007300882229097138,1e-06,,32,True,kaiming_uniform,step,"{'step_size': 5, 'gamma': 0.5}",14141,[2.261244245197462],[0.11594202898550725],[2.238267621553013],[0.11560693641618497],[],[],0.26560693641618494,2.5169839362609544e-12,False,0.11594202898550725,2.261244245197462,0.11560693641618497,2.238267621553013,0.0,0.0,0.0,5.7643395068516504e-11,0.0,1.7293018520554954e-11
120,64,"[69, 138]",1,[2],"[55, 97, 97, 96, 95, 93, 92, 86, 78, 71, 69, 64, 61, 60, 55, 50, 46, 35, 30, 23, 17, 7, 7, 6, 5]",mutated,25,<class 'torch.nn.modules.activation.Tanh'>,0.2,<class 'torch.optim.sgd.SGD'>,0.0655108914701854,0.0,0.95,64,True,kaiming_uniform,cosine,{'T_max': 50},28250,[2.25905734559764],[0.13043478260869565],[2.3049315207266394],[0.08670520231213873],[],[],0.2367052023121387,6.858011236868142e-13,False,0.13043478260869565,2.25905734559764,0.08670520231213873,2.3049315207266394,0.0,0.0,0.0,3.2337938392562354e-11,0.0,9.701381517768708e-12
118,512,"[69, 138]",1,[1],"[99, 65, 64, 54, 48, 41, 36, 8, 36, 41, 48, 54, 64, 65, 68]",mutated,3,<class 'torch.nn.modules.activation.Tanh'>,0.2,<class 'torch.optim.adamw.AdamW'>,0.0655108914701854,0.0,0.95,512,False,kaiming_uniform,cosine,"{'T_max': 50, 'gamma': 0.9, 'step_size': 5}",155375,[2.2547924518585205],[0.10144927536231885],[2.7298872470855713],[0.06936416184971098],[],[],0.21936416184971097,0.0,False,0.10144927536231885,2.2547924518585205,0.06936416184971098,2.7298872470855713,0.0,0.0,0.0,2.2860724809838917e-11,0.0,6.858217442951676e-12
122,32,"[69, 138]",1,[3],"[28, 23, 17, 17, 23, 28]",hourglass,5,<class 'torch.nn.modules.activation.GELU'>,0.4,<class 'torch.optim.adam.Adam'>,0.03903304514522225,1e-06,,32,True,kaiming_uniform,exponential,{'gamma': 0.99},14125,[6.756938032481981],[0.08695652173913043],[2.2491806173600213],[0.14450867052023122],[],[],0.2945086705202312,5.818506772117352e-12,False,0.08695652173913043,6.756938032481981,0.14450867052023122,2.2491806173600213,0.0,0.0,0.0,1.027511696825894e-10,0.0,3.0825350904776826e-11
128,512,"[69, 138]",1,[1],"[44, 86, 79, 55]",mutated,3,<class 'torch.nn.modules.activation.GELU'>,0.2,<class 'torch.optim.adamw.AdamW'>,0.0021515234499361693,0.0,,512,False,kaiming_normal,none,{'T_max': 100},56500,[2.3838882446289062],[0.057971014492753624],[2.202859401702881],[0.13872832369942195],[],[],0.2887283236994219,5.001500515347139e-12,False,0.057971014492753624,2.3838882446289062,0.13872832369942195,2.202859401702881,0.0,0.0,0.0,9.153334423809981e-11,0.0,2.7460003271429947e-11
123,1024,"[69, 138]",1,[1],"[85, 50, 21, 8]",pyramid,4,<class 'torch.nn.modules.activation.Sigmoid'>,0.1,<class 'torch.optim.adamw.AdamW'>,0.07453438211469873,0.0,,1024,False,xavier_uniform,exponential,{'gamma': 0.9},14142,[2.3207454681396484],[0.10144927536231885],[2.213352680206299],[0.10982658959537572],[],[],0.25982658959537575,2.074918753175346e-12,False,0.10144927536231885,2.3207454681396484,0.10982658959537572,2.213352680206299,0.0,0.0,0.0,5.135019620830029e-11,0.0,1.540505886249009e-11
124,1024,"[69, 138]",1,[1],"[73, 73, 73, 73, 73, 73, 73, 73, 73, 73, 73]",constant,11,<class 'torch.nn.modules.activation.Sigmoid'>,0.0,<class 'torch.optim.adam.Adam'>,0.0008957932165839814,0.0,,1024,True,kaiming_normal,cosine,{'T_max': 10},14159,[2.229818820953369],[0.11594202898550725],[2.224745988845825],[0.10982658959537572],[],[],0.25982658959537575,2.074918753175346e-12,False,0.11594202898550725,2.229818820953369,0.10982658959537572,2.224745988845825,0.0,0.0,0.0,5.135019620830029e-11,0.0,1.540505886249009e-11
126,512,"[69, 138]",1,[1],"[68, 97, 62, 72]",mutated,3,<class 'torch.nn.modules.activation.ELU'>,0.1,<class 'torch.optim.adamw.AdamW'>,0.0007006700163436125,0.0,0.95,512,False,kaiming_uniform,step,"{'T_max': 50, 'gamma': 0.9, 'step_size': 5}",0,[2.5294759273529053],[0.057971014492753624],[2.340278387069702],[0.09826589595375723],[],[],0.24826589595375723,1.3028923985121219e-12,False,0.057971014492753624,2.5294759273529053,0.09826589595375723,2.340278387069702,0.0,0.0,0.0,4.0749962962359016e-11,0.0,1.2224988888707707e-11
127,1024,"[69, 138]",1,[1],"[44, 97, 79, 55]",mutated,7,<class 'torch.nn.modules.activation.Tanh'>,0.2,<class 'torch.optim.adamw.AdamW'>,0.0021515234499361693,0.0,,1024,True,kaiming_uniform,cosine,{'T_max': 50},155375,[2.3072402477264404],[0.07246376811594203],[2.194514751434326],[0.09826589595375723],[],[],0.24826589595375723,1.3028923985121219e-12,False,0.07246376811594203,2.3072402477264404,0.09826589595375723,2.194514751434326,0.0,0.0,0.0,4.0749962962359016e-11,0.0,1.2224988888707707e-11
125,512,"[69, 138]",1,[1],"[99, 65, 64, 54, 48, 41, 36, 8, 36, 41, 48, 54, 64, 65, 68]",mutated,3,<class 'torch.nn.modules.activation.Tanh'>,0.2,<class 'torch.optim.adamw.AdamW'>,0.0655108914701854,0.0,0.95,512,False,kaiming_uniform,cosine,"{'T_max': 50, 'gamma': 0.9, 'step_size': 5}",155375,[2.2547924518585205],[0.10144927536231885],[2.7298872470855713],[0.06936416184971098],[],[],0.21936416184971097,0.0,False,0.10144927536231885,2.2547924518585205,0.06936416184971098,2.7298872470855713,0.0,0.0,0.0,2.2860724809838917e-11,0.0,6.858217442951676e-12
129,32,"[69, 138]",1,[3],"[28, 23, 17, 17, 23, 28]",hourglass,5,<class 'torch.nn.modules.activation.GELU'>,0.4,<class 'torch.optim.adam.Adam'>,0.03903304514522225,1e-06,,32,True,kaiming_uniform,exponential,{'gamma': 0.99},14125,[6.756938032481981],[0.08695652173913043],[2.2491806173600213],[0.14450867052023122],[],[],0.2945086705202312,4.7881759820672744e-12,False,0.08695652173913043,6.756938032481981,0.14450867052023122,2.2491806173600213,0.0,0.0,0.0,1.027511696825894e-10,0.0,3.0825350904776826e-11
131,512,"[69, 138]",1,[1],"[97, 97, 67, 66, 59, 57, 50, 47, 46, 46, 42, 39, 28, 27, 21]",triangular,15,<class 'torch.nn.modules.activation.ELU'>,0.5,<class 'torch.optim.adam.Adam'>,0.027909425287254958,0.0001,,512,False,xavier_uniform,exponential,{'gamma': 0.99},14161,[3.1704065799713135],[0.11594202898550725],[2.210907220840454],[0.14450867052023122],[],[],0.2945086705202312,4.7881759820672744e-12,False,0.11594202898550725,3.1704065799713135,0.14450867052023122,2.210907220840454,0.0,0.0,0.0,1.027511696825894e-10,0.0,3.0825350904776826e-11
133,256,"[69, 138]",1,[1],"[68, 65, 62, 72]",mutated,3,<class 'torch.nn.modules.activation.ELU'>,0.1,<class 'torch.optim.adamw.AdamW'>,0.0007006700163436125,0.0,0.95,256,False,kaiming_uniform,cosine,"{'T_max': 10, 'gamma': 0.9, 'step_size': 5}",169500,[2.679702043533325],[0.07246376811594203],[2.371933937072754],[0.12138728323699421],[],[],0.27138728323699424,2.5080773907825876e-12,False,0.07246376811594203,2.679702043533325,0.12138728323699421,2.371933937072754,0.0,0.0,0.0,6.470785392024365e-11,0.0,1.9412356176073097e-11
134,256,"[69, 138]",1,[1],"[22, 86, 62, 72]",mutated,7,<class 'torch.nn.modules.activation.GELU'>,0.2,<class 'torch.optim.adamw.AdamW'>,0.0021515234499361693,0.0,,256,True,kaiming_normal,cosine,{'T_max': 100},155375,[2.3723809719085693],[0.057971014492753624],[2.230433940887451],[0.12138728323699421],[],[],0.27138728323699424,2.5080773907825876e-12,False,0.057971014492753624,2.3723809719085693,0.12138728323699421,2.230433940887451,0.0,0.0,0.0,6.470785392024365e-11,0.0,1.9412356176073097e-11
130,256,"[69, 138]",1,[1],"[86, 75, 62, 38, 29, 29, 18, 29, 29, 38, 62, 75, 86]",hourglass,12,<class 'torch.nn.modules.activation.ReLU'>,0.1,<class 'torch.optim.sgd.SGD'>,0.0038548610540861104,1e-05,0.95,256,True,kaiming_uniform,none,{},14143,[2.7434983253479004],[0.08695652173913043],[2.27972674369812],[0.11560693641618497],[],[],0.26560693641618494,2.0846741633500664e-12,False,0.08695652173913043,2.7434983253479004,0.11560693641618497,2.27972674369812,0.0,0.0,0.0,5.7643395068516504e-11,0.0,1.7293018520554954e-11
135,1024,"[69, 138]",1,[1],"[44, 97, 62, 72, 256]",mutated,3,<class 'torch.nn.modules.activation.GELU'>,0.2,<class 'torch.optim.adamw.AdamW'>,0.0021515234499361693,0.0,,1024,True,kaiming_normal,cosine,{'T_max': 100},56500,[2.697474479675293],[0.057971014492753624],[2.232053518295288],[0.10404624277456648],[],[],0.25404624277456644,1.3714958469534904e-12,False,0.057971014492753624,2.697474479675293,0.10404624277456648,2.232053518295288,0.0,0.0,0.0,4.574405528152679e-11,0.0,1.3723216584458038e-11
132,512,"[69, 138]",1,[1],"[99, 65, 64, 54, 48, 41, 36, 8, 36, 41, 48, 54, 64, 65, 68]",mutated,3,<class 'torch.nn.modules.activation.Tanh'>,0.2,<class 'torch.optim.adamw.AdamW'>,0.0655108914701854,0.0,0.95,512,False,kaiming_uniform,cosine,"{'T_max': 50, 'gamma': 0.9, 'step_size': 5}",155375,[2.2547924518585205],[0.10144927536231885],[2.7298872470855713],[0.06936416184971098],[],[],0.21936416184971097,0.0,False,0.10144927536231885,2.2547924518585205,0.06936416184971098,2.7298872470855713,0.0,0.0,0.0,2.2860724809838917e-11,0.0,6.858217442951676e-12
139,32,"[69, 138]",1,[3],"[99, 11, 11, 55]",mutated,25,<class 'torch.nn.modules.activation.Tanh'>,0.1,<class 'torch.optim.adamw.AdamW'>,0.0655108914701854,1e-06,,32,False,xavier_normal,cosine,{'T_max': 50},155375,[2.2829066860503047],[0.11594202898550725],[2.3001883098844846],[0.1791907514450867],[],[],0.3291907514450867,1.0968162441673215e-11,False,0.11594202898550725,2.2829066860503047,0.1791907514450867,2.3001883098844846,0.0,0.0,0.0,2.0560394409730665e-10,0.0,6.1681183229192e-11
141,64,"[69, 138]",1,[2],"[99, 62, 62, 72]",mutated,3,<class 'torch.nn.modules.activation.Tanh'>,0.2,<class 'torch.optim.adamw.AdamW'>,0.0655108914701854,0.0,0.95,64,False,xavier_normal,cosine,{'T_max': 50},155375,[2.297962748486063],[0.07246376811594203],[2.444677687793798],[0.17341040462427745],[],[],0.32341040462427745,9.62091940574796e-12,False,0.07246376811594203,2.297962748486063,0.17341040462427745,2.444677687793798,0.0,0.0,0.0,1.8315720054688522e-10,0.0,5.494716016406557e-11
136,32,"[69, 138]",1,[3],"[28, 23, 17, 17, 23, 28]",hourglass,5,<class 'torch.nn.modules.activation.GELU'>,0.4,<class 'torch.optim.adam.Adam'>,0.03903304514522225,1e-06,,32,True,kaiming_uniform,exponential,{'gamma': 0.99},14125,[6.756938032481981],[0.08695652173913043],[2.2491806173600213],[0.14450867052023122],[],[],0.2945086705202312,4.794987087994014e-12,False,0.08695652173913043,6.756938032481981,0.14450867052023122,2.2491806173600213,0.0,0.0,0.0,1.027511696825894e-10,0.0,3.0825350904776826e-11
140,64,"[69, 138]",1,[2],"[55, 11, 11, 72]",mutated,3,<class 'torch.nn.modules.activation.Tanh'>,0.2,<class 'torch.optim.adamw.AdamW'>,0.0021515234499361693,0.0,0.95,64,False,kaiming_normal,cosine,{'T_max': 50},155375,[2.358361347861912],[0.11594202898550725],[2.171726360486422],[0.14450867052023122],[],[],0.2945086705202312,4.794987087994014e-12,False,0.11594202898550725,2.358361347861912,0.14450867052023122,2.171726360486422,0.0,0.0,0.0,1.027511696825894e-10,0.0,3.0825350904776826e-11
137,1024,"[69, 138]",1,[1],"[100, 92, 76, 61, 59, 52, 48, 38, 37, 27, 5, 5, 27, 37, 38, 48, 52, 59, 61, 76, 92, 100]",hourglass,21,<class 'torch.nn.modules.activation.ELU'>,0.5,<class 'torch.optim.adam.Adam'>,0.00012115472397467456,1e-05,,1024,True,kaiming_normal,exponential,{'gamma': 0.9},14144,[622.7110595703125],[0.14492753623188406],[2.7965869903564453],[0.12716763005780346],[],[],0.2771676300578034,2.9876143975796075e-12,False,0.14492753623188406,622.7110595703125,0.12716763005780346,2.7965869903564453,0.0,0.0,0.0,7.26380941647003e-11,0.0,2.1791428249410093e-11
138,512,"[69, 138]",1,[1],"[17, 19, 19, 42, 50, 52, 53, 56, 60, 61, 62, 64, 66, 73, 75, 94, 96]",triangular,17,<class 'torch.nn.modules.activation.Sigmoid'>,0.2,<class 'torch.optim.adamw.AdamW'>,0.010419945827176416,0.0001,,512,True,xavier_normal,exponential,{'gamma': 0.99},14163,[2.2517714500427246],[0.10144927536231885],[2.225144147872925],[0.10982658959537572],[],[],0.25982658959537575,1.7099247315118115e-12,False,0.10144927536231885,2.2517714500427246,0.10982658959537572,2.225144147872925,0.0,0.0,0.0,5.135019620830029e-11,0.0,1.540505886249009e-11
142,32,"[69, 138]",1,[3],"[148, 97, 11, 55]",mutated,3,<class 'torch.nn.modules.activation.Tanh'>,0.2,<class 'torch.optim.adamw.AdamW'>,0.0655108914701854,0.0,0.95,32,False,kaiming_uniform,cosine,{'T_max': 50},28250,[2.3980202052904214],[0.10144927536231885],[2.849575785543188],[0.06936416184971098],[],[],0.21936416184971097,0.0,False,0.10144927536231885,2.3980202052904214,0.06936416184971098,2.849575785543188,0.0,0.0,0.0,2.2860724809838917e-11,0.0,6.858217442951676e-12
149,128,"[69, 138]",1,[1],"[44, 97, 62, 72]",mutated,25,<class 'torch.nn.modules.activation.Tanh'>,0.1,<class 'torch.optim.adamw.AdamW'>,0.0021515234499361693,1e-06,,128,False,kaiming_uniform,cosine,{'T_max': 50},155375,[2.1606476306915283],[0.14492753623188406],[2.0982030071964153],[0.19653179190751446],[],[],0.3465317919075145,1.4333967690841778e-11,False,0.14492753623188406,2.1606476306915283,0.19653179190751446,2.0982030071964153,0.0,0.0,0.0,2.9083975824429174e-10,0.0,8.725192747328753e-11
147,64,"[69, 138]",1,[2],"[99, 86, 79, 55]",mutated,25,<class 'torch.nn.modules.activation.Tanh'>,0.2,<class 'torch.optim.adamw.AdamW'>,0.0655108914701854,0.0,0.95,64,False,xavier_normal,cosine,{'T_max': 50},155375,[2.2256748745406885],[0.14492753623188406],[2.5662675923694764],[0.18497109826589594],[],[],0.33497109826589594,1.074055646272549e-11,False,0.14492753623188406,2.2256748745406885,0.18497109826589594,2.5662675923694764,0.0,0.0,0.0,2.3080163762074472e-10,0.0,6.924049128622343e-11
144,256,"[69, 138]",1,[1],"[46, 46, 46, 46, 46, 46, 46, 46, 46]",constant,9,<class 'torch.nn.modules.activation.GELU'>,0.2,<class 'torch.optim.sgd.SGD'>,0.0034260716389344415,0.001,0.8,256,True,kaiming_normal,step,"{'step_size': 30, 'gamma': 0.1}",14145,[38.17503356933594],[0.14492753623188406],[5.183361053466797],[0.18497109826589594],[],[],0.33497109826589594,1.074055646272549e-11,False,0.14492753623188406,38.17503356933594,0.18497109826589594,5.183361053466797,0.0,0.0,0.0,2.3080163762074472e-10,0.0,6.924049128622343e-11
146,32,"[69, 138]",1,[3],"[99, 11, 11, 55]",mutated,25,<class 'torch.nn.modules.activation.Tanh'>,0.1,<class 'torch.optim.adamw.AdamW'>,0.0655108914701854,1e-06,,32,False,xavier_normal,cosine,{'T_max': 50},155375,[2.2829066860503047],[0.11594202898550725],[2.3001883098844846],[0.1791907514450867],[],[],0.3291907514450867,9.23242006722607e-12,False,0.11594202898550725,2.2829066860503047,0.1791907514450867,2.3001883098844846,0.0,0.0,0.0,2.0560394409730665e-10,0.0,6.1681183229192e-11
143,32,"[69, 138]",1,[3],"[28, 23, 17, 17, 23, 28]",hourglass,5,<class 'torch.nn.modules.activation.GELU'>,0.4,<class 'torch.optim.adam.Adam'>,0.03903304514522225,1e-06,,32,True,kaiming_uniform,exponential,{'gamma': 0.99},14125,[6.756938032481981],[0.08695652173913043],[2.2491806173600213],[0.14450867052023122],[],[],0.2945086705202312,3.076459311189309e-12,False,0.08695652173913043,6.756938032481981,0.14450867052023122,2.2491806173600213,0.0,0.0,0.0,1.027511696825894e-10,0.0,3.0825350904776826e-11
148,32,"[69, 138]",1,[3],"[55, 11, 79, 55]",mutated,7,<class 'torch.nn.modules.activation.GELU'>,0.2,<class 'torch.optim.adamw.AdamW'>,0.0021515234499361693,0.0,,32,False,kaiming_normal,none,{'T_max': 100},56500,[2.512649667435798],[0.13043478260869565],[2.200096367411531],[0.12716763005780346],[],[],0.2771676300578034,1.2741266839308714e-12,False,0.13043478260869565,2.512649667435798,0.12716763005780346,2.200096367411531,0.0,0.0,0.0,7.26380941647003e-11,0.0,2.1791428249410093e-11
145,256,"[69, 138]",1,[1],"[13, 15, 18, 20, 42, 43, 55, 59, 60, 81, 91]",triangular,11,<class 'torch.nn.modules.activation.LeakyReLU'>,0.0,<class 'torch.optim.adamw.AdamW'>,0.0009069638567185524,1e-05,,256,False,xavier_normal,step,"{'step_size': 20, 'gamma': 0.5}",14165,[2.2009105682373047],[0.10144927536231885],[2.198519229888916],[0.10982658959537572],[],[],0.25982658959537575,0.0,False,0.10144927536231885,2.2009105682373047,0.10982658959537572,2.198519229888916,0.0,0.0,0.0,5.135019620830029e-11,0.0,1.540505886249009e-11
18,512,"[69, 138, 276, 552, 1104, 1382, 1382, 1382, 1382, 1382, 1382, 1382, 1382, 1382, 1382, 1382, 1382, 1382, 1382, 1382, 1382, 1382, 1382]",22,"[1, 2, 3, 5, 7, 9, 11, 13, 15, 17, 19, 21, 23, 25, 27, 29, 31, 33, 35, 37, 39, 41]","[13, 20, 25, 25, 27, 34, 35, 36, 43, 51, 57, 65, 76, 94]",inv_pyramid,14,<class 'torch.nn.modules.activation.LeakyReLU'>,0.1,<class 'torch.optim.sgd.SGD'>,0.00020225155654263356,0.0001,0.99,512,False,xavier_uniform,cosine,{'T_max': 50},254250,"[2.1981852054595947, 2.2009286880493164, 2.1988022327423096, 2.201249654742255, 2.2009712938979464, 2.200967673109858, 2.200963443336542, 2.2009582340113507, 2.2009515237877233, 2.2009438957733285, 2.20093512017544, 2.2009259653850504, 2.200915486353696, 2.2009039128741033, 2.2008916068870668, 2.2008785066314784, 2.200864205657142, 2.2008490572789987, 2.2008335297083543, 2.2008168545542164, 2.200799747072322, 2.200781438871679]","[0.11594202898550725, 0.11594202898550725, 0.11231884057971014, 0.11231884057971014, 0.11143270622286541, 0.11143270622286541, 0.11143270622286541, 0.11143270622286541, 0.11143270622286541, 0.11143270622286541, 0.11143270622286541, 0.11143270622286541, 0.11143270622286541, 0.11143270622286541, 0.11143270622286541, 0.11143270622286541, 0.11143270622286541, 0.11143270622286541, 0.11143270622286541, 0.11143270622286541, 0.11143270622286541, 0.11143270622286541]","[2.199939012527466, 2.1999385356903076, 2.1999380588531494, 2.199936628341675, 2.199934482574463, 2.1999306678771973, 2.1999263763427734, 2.1999223232269287, 2.1999166011810303, 2.1999099254608154, 2.1999032497406006, 2.1998956203460693, 2.199887275695801, 2.199877977371216, 2.1998682022094727, 2.199857473373413, 2.1998467445373535, 2.1998355388641357, 2.1998233795166016, 2.199810266494751, 2.1997969150543213, 2.1997833251953125]","[0.10982658959537572, 0.10982658959537572, 0.10982658959537572, 0.10982658959537572, 0.10982658959537572, 0.10982658959537572, 0.10982658959537572, 0.10982658959537572, 0.10982658959537572, 0.10982658959537572, 0.10982658959537572, 0.10982658959537572, 0.10982658959537572, 0.10982658959537572, 0.10982658959537572, 0.10982658959537572, 0.10982658959537572, 0.10982658959537572, 0.10982658959537572, 0.10982658959537572, 0.10982658959537572, 0.10982658959537572]",[],[],0.3497244079202411,1.5817301535520538e-11,False,0.11143270622286541,2.200781438871679,0.10982658959537572,2.1997833251953125,0.0,7.703719777548943e-34,2.7755575615628914e-17,3.1001626505239113e-10,0.0,9.300487951571735e-11
153,32,"[69, 138]",1,[3],"[99, 11, 11, 55]",mutated,25,<class 'torch.nn.modules.activation.Tanh'>,0.1,<class 'torch.optim.adamw.AdamW'>,0.0655108914701854,1e-06,,32,False,xavier_normal,cosine,{'T_max': 50},155375,[2.2829066860503047],[0.11594202898550725],[2.3001883098844846],[0.1791907514450867],[],[],0.3291907514450867,9.567983205749643e-12,False,0.11594202898550725,2.2829066860503047,0.1791907514450867,2.3001883098844846,0.0,0.0,0.0,2.0560394409730665e-10,0.0,6.1681183229192e-11
150,32,"[69, 138]",1,[3],"[28, 23, 17, 17, 23, 28]",hourglass,5,<class 'torch.nn.modules.activation.GELU'>,0.4,<class 'torch.optim.adam.Adam'>,0.03903304514522225,1e-06,,32,True,kaiming_uniform,exponential,{'gamma': 0.99},14125,[6.756938032481981],[0.08695652173913043],[2.2491806173600213],[0.14450867052023122],[],[],0.2945086705202312,3.4120073349117375e-12,False,0.08695652173913043,6.756938032481981,0.14450867052023122,2.2491806173600213,0.0,0.0,0.0,1.027511696825894e-10,0.0,3.0825350904776826e-11
152,256,"[69, 138]",1,[1],"[86, 99, 6, 3, 93]",irregular,5,<class 'torch.nn.modules.activation.ReLU'>,0.0,<class 'torch.optim.adam.Adam'>,0.008575962766513463,0.01,,256,False,xavier_uniform,exponential,{'gamma': 0.9},14167,[2.2217907905578613],[0.11594202898550725],[2.1977930068969727],[0.12138728323699421],[],[],0.27138728323699424,1.135027105527114e-12,False,0.11594202898550725,2.2217907905578613,0.12138728323699421,2.1977930068969727,0.0,0.0,0.0,6.470785392024365e-11,0.0,1.9412356176073097e-11
151,128,"[69, 138]",1,[1],"[100, 96, 92, 85, 68, 52, 41, 38, 33, 29, 7]",pyramid,11,<class 'torch.nn.modules.activation.GELU'>,0.4,<class 'torch.optim.sgd.SGD'>,0.010229239806087458,1e-06,0.95,128,False,xavier_uniform,none,{},14146,[2.2708213329315186],[0.13043478260869565],[2.2189585487277523],[0.11560693641618497],[],[],0.26560693641618494,7.122029427446197e-13,False,0.13043478260869565,2.2708213329315186,0.11560693641618497,2.2189585487277523,0.0,0.0,0.0,5.7643395068516504e-11,0.0,1.7293018520554954e-11
154,512,"[69, 138]",1,[1],"[68, 65, 62, 72]",mutated,3,<class 'torch.nn.modules.activation.ELU'>,0.1,<class 'torch.optim.sgd.SGD'>,0.0655108914701854,0.0,0.95,512,False,kaiming_uniform,cosine,"{'T_max': 50, 'gamma': 0.9, 'step_size': 5}",0,[2.4284846782684326],[0.11594202898550725],[2.250917911529541],[0.10982658959537572],[],[],0.25982658959537575,3.3554047005654997e-13,False,0.11594202898550725,2.4284846782684326,0.10982658959537572,2.250917911529541,0.0,0.0,0.0,5.135019620830029e-11,0.0,1.540505886249009e-11
155,1024,"[69, 138]",1,[1],"[44, 97, 62, 72]",mutated,7,<class 'torch.nn.modules.activation.GELU'>,0.2,<class 'torch.optim.adamw.AdamW'>,0.0021515234499361693,0.0,,1024,True,kaiming_normal,cosine,{'T_max': 100},28250,[2.3672091960906982],[0.11594202898550725],[2.2702834606170654],[0.10404624277456648],[],[],0.25404624277456644,0.0,False,0.11594202898550725,2.3672091960906982,0.10404624277456648,2.2702834606170654,0.0,0.0,0.0,4.574405528152679e-11,0.0,1.3723216584458038e-11
160,32,"[69, 138]",1,[3],"[99, 11, 11, 55]",mutated,25,<class 'torch.nn.modules.activation.Tanh'>,0.1,<class 'torch.optim.adamw.AdamW'>,0.0655108914701854,1e-06,,32,False,xavier_normal,cosine,{'T_max': 50},155375,[2.2829066860503047],[0.11594202898550725],[2.3001883098844846],[0.1791907514450867],[],[],0.3291907514450867,9.877941300290799e-12,False,0.11594202898550725,2.2829066860503047,0.1791907514450867,2.3001883098844846,0.0,0.0,0.0,2.0560394409730665e-10,0.0,6.1681183229192e-11
162,512,"[69, 138]",1,[1],"[55, 11, 64, 54, 48, 41, 36, 8, 36, 41, 48, 54, 64, 65, 68]",mutated,3,<class 'torch.nn.modules.activation.Tanh'>,0.2,<class 'torch.optim.adamw.AdamW'>,0.0007006700163436125,0.0,0.95,512,False,kaiming_uniform,none,"{'gamma': 0.9, 'step_size': 5}",28250,[2.2542898654937744],[0.15942028985507245],[2.223065137863159],[0.1676300578034682],[],[],0.3176300578034682,7.334792585393206e-12,False,0.15942028985507245,2.2542898654937744,0.1676300578034682,2.223065137863159,0.0,0.0,0.0,1.6316107290341209e-10,0.0,4.894832187102363e-11
161,128,"[69, 138]",1,[1],"[72, 62, 62, 72, 64]",mutated,3,<class 'torch.nn.modules.activation.Tanh'>,0.2,<class 'torch.optim.adamw.AdamW'>,0.0021515234499361693,0.0,,128,False,kaiming_uniform,cosine,{'T_max': 50},155375,[2.3197596073150635],[0.07246376811594203],[2.2195481068826135],[0.16184971098265896],[],[],0.31184971098265896,6.267446018988855e-12,False,0.07246376811594203,2.3197596073150635,0.16184971098265896,2.2195481068826135,0.0,0.0,0.0,1.4534801597450581e-10,0.0,4.360440479235175e-11
157,32,"[69, 138]",1,[3],"[28, 23, 17, 17, 23, 28]",hourglass,5,<class 'torch.nn.modules.activation.GELU'>,0.4,<class 'torch.optim.adam.Adam'>,0.03903304514522225,1e-06,,32,True,kaiming_uniform,exponential,{'gamma': 0.99},14125,[6.756938032481981],[0.08695652173913043],[2.2491806173600213],[0.14450867052023122],[],[],0.2945086705202312,3.715071218257636e-12,False,0.08695652173913043,6.756938032481981,0.14450867052023122,2.2491806173600213,0.0,0.0,0.0,1.027511696825894e-10,0.0,3.0825350904776826e-11
159,128,"[69, 138]",1,[1],"[100, 97, 83, 54, 31, 26, 17, 7, 6, 6, 7, 17, 26, 31, 54, 83, 97, 100]",hourglass,17,<class 'torch.nn.modules.activation.Tanh'>,0.2,<class 'torch.optim.adam.Adam'>,0.002619797521745215,0.0,,128,False,xavier_normal,cosine,{'T_max': 50},14169,[2.21307110786438],[0.11594202898550725],[2.20725144265015],[0.12138728323699421],[],[],0.27138728323699424,1.4355409492175335e-12,False,0.11594202898550725,2.21307110786438,0.12138728323699421,2.20725144265015,0.0,0.0,0.0,6.470785392024365e-11,0.0,1.9412356176073097e-11
158,512,"[69, 138]",1,[1],"[18, 24, 28, 32, 40, 43, 48, 53, 54, 56, 58, 58, 60, 61, 63, 63, 74, 75, 78, 82, 87, 89, 91, 92, 92]",triangular,25,<class 'torch.nn.modules.activation.GELU'>,0.4,<class 'torch.optim.adamw.AdamW'>,0.0012352281885971595,0.0001,,512,False,xavier_uniform,exponential,{'gamma': 0.9},14147,[2.1968019008636475],[0.11594202898550725],[2.199486494064331],[0.10982658959537572],[],[],0.25982658959537575,6.351589512848081e-13,False,0.11594202898550725,2.1968019008636475,0.10982658959537572,2.199486494064331,0.0,0.0,0.0,5.135019620830029e-11,0.0,1.540505886249009e-11
163,128,"[69, 138]",1,[1],"[99, 62, 62, 36]",mutated,25,<class 'torch.nn.modules.activation.GELU'>,0.2,<class 'torch.optim.adamw.AdamW'>,0.00041348319330092163,1e-06,,128,False,kaiming_uniform,cosine,{'T_max': 10},155375,[2.5428357124328613],[0.13043478260869565],[2.257863746213086],[0.09826589595375723],[],[],0.24826589595375723,0.0,False,0.13043478260869565,2.5428357124328613,0.09826589595375723,2.257863746213086,0.0,0.0,0.0,4.0749962962359016e-11,0.0,1.2224988888707707e-11
168,32,"[69, 138]",1,[3],"[148, 11, 11, 72]",mutated,25,<class 'torch.nn.modules.activation.Tanh'>,0.1,<class 'torch.optim.adamw.AdamW'>,0.0655108914701854,0.0,0.95,32,False,xavier_normal,cosine,{'T_max': 50},155375,[2.283058004102845],[0.13043478260869565],[2.580141146058981],[0.18497109826589594],[],[],0.33497109826589594,9.362265213090582e-12,False,0.13043478260869565,2.283058004102845,0.18497109826589594,2.580141146058981,0.0,0.0,0.0,2.3080163762074472e-10,0.0,6.924049128622343e-11
167,32,"[69, 138]",1,[3],"[99, 11, 11, 55]",mutated,25,<class 'torch.nn.modules.activation.Tanh'>,0.1,<class 'torch.optim.adamw.AdamW'>,0.0655108914701854,1e-06,,32,False,xavier_normal,cosine,{'T_max': 50},155375,[2.2829066860503047],[0.11594202898550725],[2.3001883098844846],[0.1791907514450867],[],[],0.3291907514450867,7.999884271545464e-12,False,0.11594202898550725,2.2829066860503047,0.1791907514450867,2.3001883098844846,0.0,0.0,0.0,2.0560394409730665e-10,0.0,6.1681183229192e-11
164,32,"[69, 138]",1,[3],"[28, 23, 17, 17, 23, 28]",hourglass,5,<class 'torch.nn.modules.activation.GELU'>,0.4,<class 'torch.optim.adam.Adam'>,0.03903304514522225,1e-06,,32,True,kaiming_uniform,exponential,{'gamma': 0.99},14125,[6.756938032481981],[0.08695652173913043],[2.2491806173600213],[0.14450867052023122],[],[],0.2945086705202312,2.4388729227364798e-12,False,0.08695652173913043,6.756938032481981,0.14450867052023122,2.2491806173600213,0.0,0.0,0.0,1.027511696825894e-10,0.0,3.0825350904776826e-11
169,16,"[69, 138]",1,[5],"[99, 86, 62, 72]",mutated,3,<class 'torch.nn.modules.activation.Tanh'>,0.2,<class 'torch.optim.adamw.AdamW'>,0.0655108914701854,0.0,,16,False,xavier_normal,cosine,{'T_max': 50},155375,[2.8313215020774067],[0.07246376811594203],[3.57711117116013],[0.14450867052023122],[],[],0.2945086705202312,2.4388729227364798e-12,False,0.07246376811594203,2.8313215020774067,0.14450867052023122,3.57711117116013,0.0,0.0,0.0,1.027511696825894e-10,0.0,3.0825350904776826e-11
166,128,"[69, 138]",1,[1],"[58, 62, 48, 49, 100, 64, 57, 98, 22, 23, 29, 58, 18, 43, 55]",irregular,15,<class 'torch.nn.modules.activation.GELU'>,0.0,<class 'torch.optim.adam.Adam'>,0.0006204696830736482,0.001,,128,True,kaiming_normal,cosine,{'T_max': 100},14171,[2.192758798599243],[0.13043478260869565],[2.201224043190135],[0.14450867052023122],[],[],0.2945086705202312,2.4388729227364798e-12,False,0.13043478260869565,2.192758798599243,0.14450867052023122,2.201224043190135,0.0,0.0,0.0,1.027511696825894e-10,0.0,3.0825350904776826e-11
170,32,"[69, 138]",1,[3],"[99, 11, 11, 55]",mutated,25,<class 'torch.nn.modules.activation.Tanh'>,0.2,<class 'torch.optim.adamw.AdamW'>,0.0655108914701854,0.0,0.95,32,False,xavier_normal,none,{'T_max': 50},155375,[2.3260432291721953],[0.14492753623188406],[2.278697858656073],[0.13872832369942195],[],[],0.2887283236994219,1.8323510767216143e-12,False,0.14492753623188406,2.3260432291721953,0.13872832369942195,2.278697858656073,0.0,0.0,0.0,9.153334423809981e-11,0.0,2.7460003271429947e-11
165,128,"[69, 138]",1,[1],"[100, 88, 86, 85, 81, 73, 63, 38, 24, 4, 4, 24, 38, 63, 73, 81, 85, 86, 88, 100]",hourglass,19,<class 'torch.nn.modules.activation.LeakyReLU'>,0.1,<class 'torch.optim.adam.Adam'>,0.0001473445490028082,0.01,,128,True,kaiming_normal,none,{},14148,[2.2786507606506348],[0.13043478260869565],[2.215139408332075],[0.11560693641618497],[],[],0.26560693641618494,0.0,False,0.13043478260869565,2.2786507606506348,0.11560693641618497,2.215139408332075,0.0,0.0,0.0,5.7643395068516504e-11,0.0,1.7293018520554954e-11
24,512,"[69, 138, 276, 552, 1104, 1382, 1382, 1382, 1382, 1382, 1382, 1382, 1382, 1382, 1382, 1382, 1382, 1382, 1382, 1382, 1382, 1382, 1382, 1382, 1382, 1382]",25,"[1, 2, 3, 5, 7, 9, 11, 13, 15, 17, 19, 21, 23, 25, 27, 29, 31, 33, 35, 37, 39, 41, 43, 45, 47]","[93, 79, 51, 28, 7, 28, 51, 79, 93]",hourglass,8,<class 'torch.nn.modules.activation.ReLU'>,0.4,<class 'torch.optim.rmsprop.RMSprop'>,0.045142268598243634,0.0001,,512,False,xavier_uniform,step,"{'step_size': 10, 'gamma': 0.5}",339000,"[2.210026741027832, 9462166.0, 1361.444580078125, 1210.5677932518115, 379.62581293972806, 43.72998979019187, 4.218369087503547, 3.4940360593036703, 2.236256962747201, 2.209471515222155, 2.201214825882753, 2.195291182756769, 2.190530000650762, 2.18952177436928, 2.1892137800042777, 2.187956413208317, 2.1864412093128034, 2.1850498091812245, 2.184863536989292, 2.185651779864873, 2.185328227566224, 2.18364127638026, 2.1829305336892864, 2.1820340356674968, 2.1828991176423047]","[0.08695652173913043, 0.13043478260869565, 0.11956521739130435, 0.09239130434782608, 0.13314037626628075, 0.11577424023154848, 0.11722141823444283, 0.13314037626628075, 0.12156295224312591, 0.14182344428364688, 0.1476121562952243, 0.1447178002894356, 0.1548480463096961, 0.15195369030390737, 0.14616497829232997, 0.14327062228654125, 0.14616497829232997, 0.14616497829232997, 0.1447178002894356, 0.15050651230101303, 0.14616497829232997, 0.1447178002894356, 0.15050651230101303, 0.15195369030390737, 0.15050651230101303]","[3499435.25, 36.25843811035156, 6.2805280685424805, 2.416374444961548, 2.2675397396087646, 2.2336435317993164, 2.219085931777954, 2.2139744758605957, 2.214273452758789, 2.212779998779297, 2.2097861766815186, 2.2075746059417725, 2.206627607345581, 2.2059364318847656, 2.205655574798584, 2.2056570053100586, 2.2056984901428223, 2.205636978149414, 2.205516815185547, 2.2056467533111572, 2.205286741256714, 2.205840826034546, 2.205092668533325, 2.2053017616271973, 2.2048473358154297]","[0.10982658959537572, 0.10982658959537572, 0.10982658959537572, 0.10982658959537572, 0.10982658959537572, 0.10982658959537572, 0.10982658959537572, 0.10982658959537572, 0.10982658959537572, 0.10982658959537572, 0.10982658959537572, 0.10982658959537572, 0.10982658959537572, 0.10982658959537572, 0.10982658959537572, 0.10982658959537572, 0.10982658959537572, 0.10982658959537572, 0.10982658959537572, 0.10982658959537572, 0.10982658959537572, 0.10982658959537572, 0.10982658959537572, 0.10982658959537572, 0.10982658959537572]",[],[],0.3482094406007693,1.4378769136125323e-11,False,0.15050651230101303,2.1828991176423047,0.10982658959537572,2.2048473358154297,0.0,0.0,0.0,3.0076385552237015e-10,0.0,9.022915665671106e-11
176,32,"[69, 138]",1,[3],"[55, 97, 62, 72]",mutated,25,<class 'torch.nn.modules.activation.Tanh'>,0.2,<class 'torch.optim.adamw.AdamW'>,0.0655108914701854,0.0,,32,True,kaiming_uniform,cosine,{'T_max': 50},28250,[2.3596230658932007],[0.10144927536231885],[3.2318429602363894],[0.1791907514450867],[],[],0.3291907514450867,9.204950275528216e-12,False,0.10144927536231885,2.3596230658932007,0.1791907514450867,3.2318429602363894,0.0,0.0,0.0,2.0560394409730665e-10,0.0,6.1681183229192e-11
171,32,"[69, 138]",1,[3],"[28, 23, 17, 17, 23, 28]",hourglass,5,<class 'torch.nn.modules.activation.GELU'>,0.4,<class 'torch.optim.adam.Adam'>,0.03903304514522225,1e-06,,32,True,kaiming_uniform,exponential,{'gamma': 0.99},14125,[6.756938032481981],[0.08695652173913043],[2.2491806173600213],[0.14450867052023122],[],[],0.2945086705202312,3.6128725175465412e-12,False,0.08695652173913043,6.756938032481981,0.14450867052023122,2.2491806173600213,0.0,0.0,0.0,1.027511696825894e-10,0.0,3.0825350904776826e-11
173,1024,"[69, 138]",1,[1],"[54, 41, 37, 32, 66, 85, 47, 12, 49, 63, 58]",irregular,11,<class 'torch.nn.modules.activation.LeakyReLU'>,0.3,<class 'torch.optim.adam.Adam'>,0.0030784180947251933,0.01,,1024,True,kaiming_normal,step,"{'step_size': 30, 'gamma': 0.5}",14173,[5.612082481384277],[0.14492753623188406],[2.2282698154449463],[0.14450867052023122],[],[],0.2945086705202312,3.6128725175465412e-12,False,0.14492753623188406,5.612082481384277,0.14450867052023122,2.2282698154449463,0.0,0.0,0.0,1.027511696825894e-10,0.0,3.0825350904776826e-11
174,32,"[69, 138]",1,[3],"[44, 11, 11, 55]",mutated,3,<class 'torch.nn.modules.activation.Tanh'>,0.2,<class 'torch.optim.adamw.AdamW'>,0.0021515234499361693,0.0,,32,True,kaiming_uniform,cosine,{'T_max': 50},155375,[2.261629101158916],[0.14492753623188406],[2.1884701954836103],[0.13872832369942195],[],[],0.2887283236994219,3.0029623569502806e-12,False,0.14492753623188406,2.261629101158916,0.13872832369942195,2.1884701954836103,0.0,0.0,0.0,9.153334423809981e-11,0.0,2.7460003271429947e-11
177,128,"[69, 138]",1,[1],"[99, 97, 62, 55, 64]",mutated,3,<class 'torch.nn.modules.activation.Tanh'>,0.2,<class 'torch.optim.adamw.AdamW'>,0.0655108914701854,0.0,0.95,128,False,kaiming_uniform,cosine,{'T_max': 50},155375,[2.2407596111297607],[0.14492753623188406],[2.278691096112907],[0.13872832369942195],[],[],0.2887283236994219,3.0029623569502806e-12,False,0.14492753623188406,2.2407596111297607,0.13872832369942195,2.278691096112907,0.0,0.0,0.0,9.153334423809981e-11,0.0,2.7460003271429947e-11
172,64,"[69, 138]",1,[2],"[83, 83, 83, 83, 83, 83, 83, 83, 83]",constant,9,<class 'torch.nn.modules.activation.Tanh'>,0.5,<class 'torch.optim.adamw.AdamW'>,0.009002124732931736,0.0,,64,False,xavier_uniform,step,"{'step_size': 20, 'gamma': 0.9}",14149,[2.2707755116448887],[0.14492753623188406],[2.2145835691793807],[0.09248554913294797],[],[],0.24248554913294795,0.0,False,0.14492753623188406,2.2707755116448887,0.09248554913294797,2.2145835691793807,0.0,0.0,0.0,3.63010990436461e-11,0.0,1.0890329713093832e-11
178,32,"[69, 138]",1,[3],"[28, 23, 17, 17, 23, 28]",hourglass,5,<class 'torch.nn.modules.activation.GELU'>,0.4,<class 'torch.optim.adam.Adam'>,0.03903304514522225,1e-06,,32,True,kaiming_uniform,exponential,{'gamma': 0.99},14125,[6.756938032481981],[0.08695652173913043],[2.2491806173600213],[0.14450867052023122],[],[],0.2945086705202312,3.8400496924904305e-12,False,0.08695652173913043,6.756938032481981,0.14450867052023122,2.2491806173600213,0.0,0.0,0.0,1.027511696825894e-10,0.0,3.0825350904776826e-11
184,16,"[69, 138]",1,[5],"[55, 97, 62, 72, 256]",mutated,25,<class 'torch.nn.modules.activation.Tanh'>,0.2,<class 'torch.optim.adamw.AdamW'>,0.0655108914701854,1e-06,,16,True,xavier_normal,cosine,{'T_max': 50},155375,[5.280287480008775],[0.057971014492753624],[8.701055570833946],[0.13872832369942195],[],[],0.2887283236994219,3.2282753659992557e-12,False,0.057971014492753624,5.280287480008775,0.13872832369942195,8.701055570833946,0.0,0.0,0.0,9.153334423809981e-11,0.0,2.7460003271429947e-11
181,32,"[69, 138]",1,[3],"[44, 11, 11, 55]",mutated,3,<class 'torch.nn.modules.activation.Tanh'>,0.2,<class 'torch.optim.adamw.AdamW'>,0.0021515234499361693,0.0,,32,True,kaiming_uniform,cosine,{'T_max': 50},155375,[2.261629101158916],[0.14492753623188406],[2.1884701954836103],[0.13872832369942195],[],[],0.2887283236994219,3.2282753659992557e-12,False,0.14492753623188406,2.261629101158916,0.13872832369942195,2.1884701954836103,0.0,0.0,0.0,9.153334423809981e-11,0.0,2.7460003271429947e-11
180,1024,"[69, 138]",1,[1],"[97, 92, 91, 91, 86, 83, 79, 59, 59, 39, 33, 31, 29, 20, 19, 19]",pyramid,16,<class 'torch.nn.modules.activation.LeakyReLU'>,0.4,<class 'torch.optim.adam.Adam'>,0.01941531176259433,1e-05,,1024,True,xavier_normal,cosine,{'T_max': 50},14175,[3.666208505630493],[0.08695652173913043],[2.21049165725708],[0.10982658959537572],[],[],0.25982658959537575,1.0368507941093977e-12,False,0.08695652173913043,3.666208505630493,0.10982658959537572,2.21049165725708,0.0,0.0,0.0,5.135019620830029e-11,0.0,1.540505886249009e-11
179,256,"[69, 138]",1,[1],"[6, 12, 19, 23, 29, 38, 40, 42, 46, 48, 51, 53, 54, 66, 67, 68, 74, 77, 96]",inv_pyramid,19,<class 'torch.nn.modules.activation.Sigmoid'>,0.2,<class 'torch.optim.rmsprop.RMSprop'>,0.001562435776654775,0.0,,256,False,xavier_uniform,step,"{'step_size': 10, 'gamma': 0.9}",14150,[2.323481798171997],[0.10144927536231885],[2.2566916942596436],[0.10982658959537572],[],[],0.25982658959537575,1.0368507941093977e-12,False,0.10144927536231885,2.323481798171997,0.10982658959537572,2.2566916942596436,0.0,0.0,0.0,5.135019620830029e-11,0.0,1.540505886249009e-11
183,1024,"[69, 138]",1,[1],"[99, 11, 79, 55]",mutated,25,<class 'torch.nn.modules.activation.Tanh'>,0.1,<class 'torch.optim.sgd.SGD'>,0.0021515234499361693,0.0,0.95,1024,False,xavier_normal,cosine,{'T_max': 50},56500,[2.2225191593170166],[0.08695652173913043],[2.202014446258545],[0.09826589595375723],[],[],0.24826589595375723,4.587574205963871e-13,False,0.08695652173913043,2.2225191593170166,0.09826589595375723,2.202014446258545,0.0,0.0,0.0,4.0749962962359016e-11,0.0,1.2224988888707707e-11
182,512,"[69, 138]",1,[1],"[55, 145, 62, 54, 48, 41, 36, 8, 36, 41, 48, 54, 64, 65, 68]",mutated,14,<class 'torch.nn.modules.activation.ELU'>,0.1,<class 'torch.optim.sgd.SGD'>,0.0007006700163436125,0.0,,512,True,xavier_normal,step,"{'T_max': 50, 'gamma': 0.9, 'step_size': 5}",0,[2.2133162021636963],[0.043478260869565216],[2.209766387939453],[0.08670520231213873],[],[],0.2367052023121387,0.0,False,0.043478260869565216,2.2133162021636963,0.08670520231213873,2.209766387939453,0.0,0.0,0.0,3.2337938392562354e-11,0.0,9.701381517768708e-12
14,1024,"[69, 138, 276, 552, 1104, 1382, 1382, 1382, 1382, 1382, 1382, 1382, 1382, 1382, 1382, 1382, 1382, 1382, 1382, 1382, 1382, 1382, 1382, 1382, 1382, 1382, 1382, 1382]",27,"[1, 2, 3, 4, 5, 6, 7, 8, 9, 10, 11, 12, 13, 14, 15, 16, 17, 18, 19, 20, 21, 22, 23, 24, 25, 26, 27]","[4, 5, 24, 30, 32, 34, 41, 53, 62, 68, 69, 74, 79, 85, 86, 87, 89, 95, 96]",triangular,19,<class 'torch.nn.modules.activation.GELU'>,0.5,<class 'torch.optim.sgd.SGD'>,0.06903233505484939,1e-05,0.99,1024,False,kaiming_normal,cosine,{'T_max': 50},197750,"[201.5289306640625, 665710493696.0, nan, nan, nan, nan, nan, nan, nan, nan, nan, nan, nan, nan, nan, nan, nan, nan, nan, nan, nan, nan, nan, nan, nan, nan, nan]","[0.13043478260869565, 0.10144927536231885, 0.10869565217391304, 0.11231884057971014, 0.11143270622286541, 0.11143270622286541, 0.11143270622286541, 0.11143270622286541, 0.11143270622286541, 0.11143270622286541, 0.11143270622286541, 0.11143270622286541, 0.11143270622286541, 0.11143270622286541, 0.11143270622286541, 0.11143270622286541, 0.11143270622286541, 0.11143270622286541, 0.11143270622286541, 0.11143270622286541, 0.11143270622286541, 0.11143270622286541, 0.11143270622286541, 0.11143270622286541, 0.11143270622286541, 0.11143270622286541, 0.11143270622286541]","[27252830208.0, nan, nan, nan, nan, nan, nan, nan, nan, nan, nan, nan, nan, nan, nan, nan, nan, nan, nan, nan, nan, nan, nan, nan, nan, nan, nan]","[0.10982658959537572, 0.10982658959537572, 0.10982658959537572, 0.10982658959537572, 0.10982658959537572, 0.10982658959537572, 0.10982658959537572, 0.10982658959537572, 0.10982658959537572, 0.10982658959537572, 0.10982658959537572, 0.10982658959537572, 0.10982658959537572, 0.10982658959537572, 0.10982658959537572, 0.10982658959537572, 0.10982658959537572, 0.10982658959537572, 0.10982658959537572, 0.10982658959537572, 0.10982658959537572, 0.10982658959537572, 0.10982658959537572, 0.10982658959537572, 0.10982658959537572, 0.10982658959537572, 0.10982658959537572]",[],[],0.35323293758254715,1.608787370699114e-11,False,0.11143270622286541,,0.10982658959537572,,0.0,1.925929944387236e-34,1.3877787807814457e-17,3.32551702152478e-10,0.0,9.976551064574342e-11
189,32,"[69, 138]",1,[3],"[99, 86, 62, 72]",mutated,3,<class 'torch.nn.modules.activation.Tanh'>,0.1,<class 'torch.optim.adamw.AdamW'>,0.0655108914701854,0.0,,32,True,xavier_normal,cosine,{'T_max': 50},155375,[2.486106599586597],[0.08695652173913043],[3.6181288027349923],[0.17341040462427745],[],[],0.32341040462427745,8.603482916461244e-12,False,0.08695652173913043,2.486106599586597,0.17341040462427745,3.6181288027349923,0.0,0.0,0.0,1.8315720054688522e-10,0.0,5.494716016406557e-11
185,32,"[69, 138]",1,[3],"[28, 23, 17, 17, 23, 28]",hourglass,5,<class 'torch.nn.modules.activation.GELU'>,0.4,<class 'torch.optim.adam.Adam'>,0.03903304514522225,1e-06,,32,True,kaiming_uniform,exponential,{'gamma': 0.99},14125,[6.756938032481981],[0.08695652173913043],[2.2491806173600213],[0.14450867052023122],[],[],0.2945086705202312,4.57528810047968e-12,False,0.08695652173913043,6.756938032481981,0.14450867052023122,2.2491806173600213,0.0,0.0,0.0,1.027511696825894e-10,0.0,3.0825350904776826e-11
188,32,"[69, 138]",1,[3],"[44, 11, 11, 55]",mutated,3,<class 'torch.nn.modules.activation.Tanh'>,0.2,<class 'torch.optim.adamw.AdamW'>,0.0021515234499361693,0.0,,32,True,kaiming_uniform,cosine,{'T_max': 50},155375,[2.261629101158916],[0.14492753623188406],[2.1884701954836103],[0.13872832369942195],[],[],0.2887283236994219,4.0132956004600766e-12,False,0.14492753623188406,2.261629101158916,0.13872832369942195,2.1884701954836103,0.0,0.0,0.0,9.153334423809981e-11,0.0,2.7460003271429947e-11
186,1024,"[69, 138]",1,[1],"[71, 70, 61, 31, 28, 10, 10, 8, 6, 4]",triangular,10,<class 'torch.nn.modules.activation.Tanh'>,0.0,<class 'torch.optim.adamw.AdamW'>,0.0016458845139763851,1e-05,,1024,True,kaiming_normal,exponential,{'gamma': 0.95},14151,[2.34637713432312],[0.13043478260869565],[2.311319589614868],[0.11560693641618497],[],[],0.26560693641618494,2.3154712446080126e-12,False,0.13043478260869565,2.34637713432312,0.11560693641618497,2.311319589614868,0.0,0.0,0.0,5.7643395068516504e-11,0.0,1.7293018520554954e-11
191,512,"[69, 138]",1,[1],"[68, 65, 79, 55]",mutated,25,<class 'torch.nn.modules.activation.Tanh'>,0.1,<class 'torch.optim.sgd.SGD'>,0.0007006700163436125,0.0,,512,False,xavier_normal,step,"{'T_max': 50, 'gamma': 0.9, 'step_size': 5}",0,[2.2299413681030273],[0.08695652173913043],[2.201033115386963],[0.10982658959537572],[],[],0.25982658959537575,2.000193512923327e-12,False,0.08695652173913043,2.2299413681030273,0.10982658959537572,2.201033115386963,0.0,0.0,0.0,5.135019620830029e-11,0.0,1.540505886249009e-11
187,128,"[69, 138]",1,[1],"[56, 41, 67, 85, 69, 16, 58, 69, 35]",irregular,9,<class 'torch.nn.modules.activation.ELU'>,0.1,<class 'torch.optim.adam.Adam'>,0.04551628459920567,0.01,,128,True,xavier_uniform,exponential,{'gamma': 0.95},14177,[2.2345495223999023],[0.11594202898550725],[2.3997101328965558],[0.03468208092485549],[],[],0.1846820809248555,0.0,False,0.11594202898550725,2.2345495223999023,0.03468208092485549,2.3997101328965558,0.0,0.0,0.0,1.1424713782126247e-11,0.0,3.4274141346378745e-12
15,1024,"[69, 138, 276, 552, 1104, 1382, 1382, 1382, 1382, 1382, 1382, 1382, 1382, 1382, 1382, 1382, 1382, 1382, 1382, 1382, 1382, 1382, 1382, 1382, 1382, 1382, 1382, 1382, 1382]",28,"[1, 2, 3, 4, 5, 6, 7, 8, 9, 10, 11, 12, 13, 14, 15, 16, 17, 18, 19, 20, 21, 22, 23, 24, 25, 26, 27, 28]","[99, 99, 95, 54, 47, 27, 26, 24, 17, 24, 26, 27, 47, 54, 95, 99, 99]",hourglass,16,<class 'torch.nn.modules.activation.GELU'>,0.3,<class 'torch.optim.sgd.SGD'>,0.02579930544955364,1e-05,0.9,1024,True,kaiming_uniform,cosine,{'T_max': 10},211875,"[28.96749496459961, 17.00347900390625, 6.398017883300781, 4.340109348297119, 2.8753597736358643, 2.7377727031707764, 2.7454802989959717, 2.5046513080596924, 2.5194251537323, 2.6270906925201416, 2.629843235015869, 2.6062140464782715, 2.6877214908599854, 2.640737771987915, 2.9189836978912354, 2.6015706062316895, 2.6139297485351562, 2.6511752605438232, 2.663381338119507, 2.5242464542388916, 2.5088014602661133, 2.404419183731079, 2.469306707382202, 2.4278974533081055, 2.4414589405059814, 2.2968459129333496, 2.304762363433838, 2.1769652366638184]","[0.14492753623188406, 0.10144927536231885, 0.12318840579710146, 0.09963768115942029, 0.10419681620839363, 0.11287988422575977, 0.11722141823444283, 0.12011577424023155, 0.11143270622286541, 0.10998552821997105, 0.12445730824891461, 0.11722141823444283, 0.1316931982633864, 0.11866859623733719, 0.13024602026049203, 0.12301013024602026, 0.14905933429811866, 0.1447178002894356, 0.1316931982633864, 0.16063675832127353, 0.16931982633863965, 0.16208393632416787, 0.17945007235890015, 0.18234442836468887, 0.18523878437047755, 0.2011577424023155, 0.2141823444283647, 0.20839363241678727]","[2.2073299884796143, 2.2013421058654785, 2.1975362300872803, 2.1962616443634033, 2.2249419689178467, 2.2626841068267822, 2.2264513969421387, 2.210056781768799, 2.28065824508667, 2.289999485015869, 2.225374698638916, 2.2614517211914062, 2.231764316558838, 2.20457124710083, 2.2109389305114746, 2.229492425918579, 2.2401201725006104, 2.2294416427612305, 2.248816967010498, 2.2497379779815674, 2.251222848892212, 2.273815393447876, 2.278564214706421, 2.2810864448547363, 2.280795097351074, 2.3002851009368896, 2.40303373336792, 2.3903682231903076]","[0.11560693641618497, 0.12138728323699421, 0.12138728323699421, 0.11560693641618497, 0.10982658959537572, 0.10982658959537572, 0.10982658959537572, 0.11560693641618497, 0.11560693641618497, 0.12138728323699421, 0.11560693641618497, 0.10404624277456648, 0.10982658959537572, 0.10404624277456648, 0.10982658959537572, 0.10982658959537572, 0.10982658959537572, 0.10982658959537572, 0.10982658959537572, 0.10982658959537572, 0.10982658959537572, 0.10982658959537572, 0.10982658959537572, 0.10982658959537572, 0.10982658959537572, 0.10982658959537572, 0.10982658959537572, 0.10982658959537572]",[],[],0.3548350801180533,1.5294196505433267e-11,False,0.20839363241678727,2.1769652366638184,0.10982658959537572,2.3903682231903076,-0.00021408691928923132,1.9220658960901323e-05,-0.0019267822736030588,3.4324819098927547e-10,0.0,1.0297445729678266e-10
196,32,"[69, 138]",1,[3],"[68, 65, 79, 55]",mutated,14,<class 'torch.nn.modules.activation.ELU'>,0.1,<class 'torch.optim.adamw.AdamW'>,0.0007006700163436125,0.0,,32,True,xavier_normal,step,"{'T_max': 50, 'gamma': 0.9, 'step_size': 5}",0,[2.3104461206906084],[0.057971014492753624],[2.1887826616364405],[0.17341040462427745],[],[],0.32341040462427745,7.200056309817014e-12,False,0.057971014492753624,2.3104461206906084,0.17341040462427745,2.1887826616364405,0.0,0.0,0.0,1.8315720054688522e-10,0.0,5.494716016406557e-11
197,64,"[69, 138]",1,[2],"[99, 145, 62, 72, 256]",mutated,25,<class 'torch.nn.modules.activation.Tanh'>,0.2,<class 'torch.optim.adamw.AdamW'>,0.0655108914701854,0.0,0.95,64,False,kaiming_uniform,cosine,{'T_max': 50},155375,[2.278894068538279],[0.11594202898550725],[4.570147834072223],[0.15606936416184972],[],[],0.3060693641618497,4.4861417768904214e-12,False,0.11594202898550725,2.278894068538279,0.15606936416184972,4.570147834072223,0.0,0.0,0.0,1.2947969372688677e-10,0.0,3.8843908118066034e-11
193,512,"[69, 138]",1,[1],"[56, 46, 36, 34, 31, 12, 3, 3, 12, 31, 34, 36, 46, 56]",hourglass,13,<class 'torch.nn.modules.activation.Tanh'>,0.0,<class 'torch.optim.rmsprop.RMSprop'>,0.042449890540636775,0.0,,512,True,xavier_normal,step,"{'step_size': 10, 'gamma': 0.1}",14152,[2.1995692253112793],[0.11594202898550725],[5.451758861541748],[0.15028901734104047],[],[],0.30028901734104047,3.771435826749702e-12,False,0.11594202898550725,2.1995692253112793,0.15028901734104047,5.451758861541748,0.0,0.0,0.0,1.1534379038596545e-10,0.0,3.460313711578964e-11
192,32,"[69, 138]",1,[3],"[28, 23, 17, 17, 23, 28]",hourglass,5,<class 'torch.nn.modules.activation.GELU'>,0.4,<class 'torch.optim.adam.Adam'>,0.03903304514522225,1e-06,,32,True,kaiming_uniform,exponential,{'gamma': 0.99},14125,[6.756938032481981],[0.08695652173913043],[2.2491806173600213],[0.14450867052023122],[],[],0.2945086705202312,3.1347576656509096e-12,False,0.08695652173913043,6.756938032481981,0.14450867052023122,2.2491806173600213,0.0,0.0,0.0,1.027511696825894e-10,0.0,3.0825350904776826e-11
198,32,"[69, 138]",1,[3],"[99, 62, 62, 72]",mutated,3,<class 'torch.nn.modules.activation.Tanh'>,0.1,<class 'torch.optim.adamw.AdamW'>,0.00041348319330092163,1e-06,,32,False,xavier_normal,cosine,{'T_max': 10},28250,[2.2097618545311084],[0.13043478260869565],[2.226893426365935],[0.12716763005780346],[],[],0.2771676300578034,1.6122519063359587e-12,False,0.13043478260869565,2.2097618545311084,0.12716763005780346,2.226893426365935,0.0,0.0,0.0,7.26380941647003e-11,0.0,2.1791428249410093e-11
194,32,"[69, 138]",1,[3],"[19, 47, 75, 69, 97, 23]",irregular,6,<class 'torch.nn.modules.activation.ReLU'>,0.3,<class 'torch.optim.adamw.AdamW'>,0.015587904019082888,0.0,,32,True,xavier_normal,step,"{'step_size': 5, 'gamma': 0.1}",14179,[2.237483290658481],[0.08695652173913043],[2.208108919893386],[0.09826589595375723],[],[],0.24826589595375723,0.0,False,0.08695652173913043,2.237483290658481,0.09826589595375723,2.208108919893386,0.0,0.0,0.0,4.0749962962359016e-11,0.0,1.2224988888707707e-11
202,32,"[69, 138]",1,[3],"[55, 11, 11, 55]",mutated,3,<class 'torch.nn.modules.activation.Tanh'>,0.2,<class 'torch.optim.adamw.AdamW'>,0.0021515234499361693,0.0,,32,True,kaiming_uniform,cosine,{'T_max': 50},28250,[2.2502213802890503],[0.07246376811594203],[2.1526781589309603],[0.20809248554913296],[],[],0.358092485549133,1.5159600794437722e-11,False,0.07246376811594203,2.2502213802890503,0.20809248554913296,2.1526781589309603,0.0,0.0,0.0,3.6649551470372174e-10,0.0,1.0994865441111654e-10
205,128,"[69, 138]",1,[1],"[44, 97, 62, 72]",mutated,3,<class 'torch.nn.modules.activation.Tanh'>,0.2,<class 'torch.optim.adamw.AdamW'>,0.0021515234499361693,0.0,,128,True,kaiming_uniform,cosine,{'T_max': 50},155375,[2.315396547317505],[0.11594202898550725],[2.181096129334731],[0.14450867052023122],[],[],0.2945086705202312,2.885422495034959e-12,False,0.11594202898550725,2.315396547317505,0.14450867052023122,2.181096129334731,0.0,0.0,0.0,1.027511696825894e-10,0.0,3.0825350904776826e-11
199,32,"[69, 138]",1,[3],"[28, 23, 17, 17, 23, 28]",hourglass,5,<class 'torch.nn.modules.activation.GELU'>,0.4,<class 'torch.optim.adam.Adam'>,0.03903304514522225,1e-06,,32,True,kaiming_uniform,exponential,{'gamma': 0.99},14125,[6.756938032481981],[0.08695652173913043],[2.2491806173600213],[0.14450867052023122],[],[],0.2945086705202312,2.885422495034959e-12,False,0.08695652173913043,6.756938032481981,0.14450867052023122,2.2491806173600213,0.0,0.0,0.0,1.027511696825894e-10,0.0,3.0825350904776826e-11
204,64,"[69, 138]",1,[2],"[99, 62, 62, 81, 48, 41, 36, 8, 36, 41, 48, 54, 64, 65, 68]",mutated,14,<class 'torch.nn.modules.activation.Tanh'>,0.1,<class 'torch.optim.sgd.SGD'>,0.0007006700163436125,0.0,0.95,64,True,kaiming_uniform,cosine,"{'T_max': 50, 'gamma': 0.9, 'step_size': 5}",0,[2.1809322453927305],[0.14492753623188406],[2.238271753222956],[0.1329479768786127],[],[],0.28294797687861273,1.8983038396389145e-12,False,0.14492753623188406,2.1809322453927305,0.1329479768786127,2.238271753222956,0.0,0.0,0.0,8.154022122844821e-11,0.0,2.4462066368534466e-11
203,128,"[69, 138]",1,[1],"[99, 86, 79, 72]",mutated,25,<class 'torch.nn.modules.activation.GELU'>,0.2,<class 'torch.optim.adamw.AdamW'>,0.0655108914701854,1e-06,,128,False,xavier_normal,cosine,{'T_max': 50},169500,[2.2809040546417236],[0.14492753623188406],[6.3369149858551905],[0.12716763005780346],[],[],0.2771676300578034,1.4840151662054588e-12,False,0.14492753623188406,2.2809040546417236,0.12716763005780346,6.3369149858551905,0.0,0.0,0.0,7.26380941647003e-11,0.0,2.1791428249410093e-11
201,64,"[69, 138]",1,[2],"[24, 55, 86, 6, 43, 50, 51, 71, 65, 61, 10, 98, 86, 63, 47, 94, 5, 66]",irregular,18,<class 'torch.nn.modules.activation.ReLU'>,0.4,<class 'torch.optim.adam.Adam'>,0.00027809982957539484,0.0,,64,False,xavier_normal,step,"{'step_size': 30, 'gamma': 0.1}",14181,[2.2107450374658555],[0.14492753623188406],[2.2097547729580387],[0.10982658959537572],[],[],0.25982658959537575,4.933154220444619e-13,False,0.14492753623188406,2.2107450374658555,0.10982658959537572,2.2097547729580387,0.0,0.0,0.0,5.135019620830029e-11,0.0,1.540505886249009e-11
200,64,"[69, 138]",1,[2],"[3, 4, 5, 15, 18, 19, 23, 24, 28, 35, 45, 47, 57, 61, 64, 64, 64, 65, 66, 80, 85, 91, 93]",triangular,23,<class 'torch.nn.modules.activation.Tanh'>,0.3,<class 'torch.optim.adam.Adam'>,0.00043000449425731254,0.01,,64,False,kaiming_normal,none,{},14153,[2.2928250872570537],[0.08695652173913043],[2.2346421762697957],[0.09826589595375723],[],[],0.24826589595375723,0.0,False,0.08695652173913043,2.2928250872570537,0.09826589595375723,2.2346421762697957,0.0,0.0,0.0,4.0749962962359016e-11,0.0,1.2224988888707707e-11
17,1024,"[69, 138, 276, 552, 1104, 1382, 1382, 1382, 1382, 1382, 1382, 1382, 1382, 1382, 1382, 1382, 1382, 1382, 1382, 1382, 1382, 1382, 1382, 1382, 1382, 1382, 1382, 1382, 1382, 1382, 1382]",30,"[1, 2, 3, 4, 5, 6, 7, 8, 9, 10, 11, 12, 13, 14, 15, 16, 17, 18, 19, 20, 21, 22, 23, 24, 25, 26, 27, 28, 29, 30]","[8, 10, 13, 19, 24, 32, 38, 41, 45, 50, 51, 60, 60, 61, 61, 68, 71, 82, 83, 93, 93]",triangular,21,<class 'torch.nn.modules.activation.GELU'>,0.1,<class 'torch.optim.sgd.SGD'>,0.02680569273344529,0.0001,0.8,1024,True,kaiming_normal,step,"{'step_size': 10, 'gamma': 0.9}",240125,"[2.428391933441162, 2.457695484161377, 2.2497830390930176, 2.229783773422241, 2.240359306335449, 2.197378158569336, 2.1868839263916016, 2.184321165084839, 2.1818251609802246, 2.179576873779297, 2.1753592491149902, 2.1707208156585693, 2.1677334308624268, 2.164780378341675, 2.1622514724731445, 2.1597535610198975, 2.1572036743164062, 2.154975652694702, 2.1532769203186035, 2.1518142223358154, 2.150236129760742, 2.148932933807373, 2.147731065750122, 2.146458148956299, 2.1450014114379883, 2.1434144973754883, 2.1418282985687256, 2.1401546001434326, 2.13912296295166, 2.138350248336792]","[0.10144927536231885, 0.13043478260869565, 0.11594202898550725, 0.11413043478260869, 0.11287988422575977, 0.11577424023154848, 0.11866859623733719, 0.11722141823444283, 0.11866859623733719, 0.12011577424023155, 0.12445730824891461, 0.12301013024602026, 0.12301013024602026, 0.12445730824891461, 0.12590448625180897, 0.12590448625180897, 0.12590448625180897, 0.12590448625180897, 0.1287988422575977, 0.1287988422575977, 0.1287988422575977, 0.12735166425470332, 0.13024602026049203, 0.1316931982633864, 0.13603473227206947, 0.13748191027496381, 0.13603473227206947, 0.1345875542691751, 0.13603473227206947, 0.1316931982633864]","[2.223334312438965, 2.1976029872894287, 2.1980693340301514, 2.198319435119629, 2.198296546936035, 2.1981945037841797, 2.198124647140503, 2.1980762481689453, 2.1980361938476562, 2.1979997158050537, 2.197962522506714, 2.197925567626953, 2.1978893280029297, 2.197855234146118, 2.1978228092193604, 2.1977930068969727, 2.1977651119232178, 2.197739362716675, 2.1977128982543945, 2.197686195373535, 2.197659969329834, 2.1976358890533447, 2.19761323928833, 2.197591543197632, 2.19757080078125, 2.197550058364868, 2.19752836227417, 2.197504758834839, 2.1974799633026123, 2.1974539756774902]","[0.11560693641618497, 0.11560693641618497, 0.11560693641618497, 0.11560693641618497, 0.11560693641618497, 0.11560693641618497, 0.11560693641618497, 0.11560693641618497, 0.11560693641618497, 0.11560693641618497, 0.11560693641618497, 0.11560693641618497, 0.11560693641618497, 0.11560693641618497, 0.11560693641618497, 0.11560693641618497, 0.11560693641618497, 0.11560693641618497, 0.11560693641618497, 0.11560693641618497, 0.11560693641618497, 0.11560693641618497, 0.11560693641618497, 0.11560693641618497, 0.11560693641618497, 0.11560693641618497, 0.11560693641618497, 0.11560693641618497, 0.11560693641618497, 0.11560693641618497]",[],[],0.3582589048311552,1.261233056280183e-11,False,0.1316931982633864,2.138350248336792,0.11560693641618497,2.1974539756774902,0.0,7.703719777548943e-34,-2.7755575615628914e-17,3.677173851673744e-10,0.0,1.1031521555021234e-10
20,1024,"[69, 138, 276, 552, 1104, 1382, 1382, 1382, 1382, 1382, 1382, 1382, 1382, 1382, 1382, 1382, 1382, 1382, 1382, 1382, 1382, 1382, 1382, 1382, 1382, 1382, 1382, 1382, 1382, 1382, 1382]",30,"[1, 2, 3, 4, 5, 6, 7, 8, 9, 10, 11, 12, 13, 14, 15, 16, 17, 18, 19, 20, 21, 22, 23, 24, 25, 26, 27, 28, 29, 30]","[7, 17, 22, 30, 32, 41, 46, 56, 57, 63, 72, 86, 99]",triangular,13,<class 'torch.nn.modules.activation.GELU'>,0.3,<class 'torch.optim.sgd.SGD'>,0.001156372984008507,0.001,0.8,1024,True,xavier_normal,step,"{'step_size': 5, 'gamma': 0.5}",282500,"[2.2012147903442383, 2.197446346282959, 2.1965901851654053, 2.2011489868164062, 2.1983766555786133, 2.198373556137085, 2.198369264602661, 2.198364019393921, 2.1983578205108643, 2.1983516216278076, 2.1983444690704346, 2.1983373165130615, 2.1983299255371094, 2.198322057723999, 2.1983141899108887, 2.19830584526062, 2.1982977390289307, 2.198289632797241, 2.1982815265655518, 2.198273181915283, 2.1982645988464355, 2.198256731033325, 2.1982479095458984, 2.198239803314209, 2.1982312202453613, 2.198223114013672, 2.1982147693634033, 2.198206901550293, 2.1981983184814453, 2.198190450668335]","[0.10144927536231885, 0.12318840579710146, 0.13043478260869565, 0.11413043478260869, 0.11866859623733719, 0.11866859623733719, 0.11866859623733719, 0.11866859623733719, 0.12011577424023155, 0.12011577424023155, 0.12011577424023155, 0.12011577424023155, 0.12011577424023155, 0.12011577424023155, 0.12011577424023155, 0.12011577424023155, 0.12011577424023155, 0.12011577424023155, 0.12011577424023155, 0.12011577424023155, 0.12011577424023155, 0.12011577424023155, 0.12011577424023155, 0.12011577424023155, 0.12011577424023155, 0.12011577424023155, 0.12011577424023155, 0.12011577424023155, 0.12011577424023155, 0.12011577424023155]","[2.19777774810791, 2.1977765560150146, 2.1977765560150146, 2.197775363922119, 2.1977744102478027, 2.1977739334106445, 2.1977720260620117, 2.1977717876434326, 2.197770357131958, 2.1977691650390625, 2.197768449783325, 2.1977665424346924, 2.1977663040161133, 2.1977648735046387, 2.1977641582489014, 2.1977624893188477, 2.197761297225952, 2.1977598667144775, 2.1977591514587402, 2.197758197784424, 2.19775652885437, 2.1977555751800537, 2.197754144668579, 2.1977529525756836, 2.1977522373199463, 2.197751045227051, 2.1977500915527344, 2.1977484226226807, 2.1977474689483643, 2.197746753692627]","[0.11560693641618497, 0.11560693641618497, 0.11560693641618497, 0.11560693641618497, 0.11560693641618497, 0.11560693641618497, 0.11560693641618497, 0.11560693641618497, 0.11560693641618497, 0.11560693641618497, 0.11560693641618497, 0.11560693641618497, 0.11560693641618497, 0.11560693641618497, 0.11560693641618497, 0.11560693641618497, 0.11560693641618497, 0.11560693641618497, 0.11560693641618497, 0.11560693641618497, 0.11560693641618497, 0.11560693641618497, 0.11560693641618497, 0.11560693641618497, 0.11560693641618497, 0.11560693641618497, 0.11560693641618497, 0.11560693641618497, 0.11560693641618497, 0.11560693641618497]",[],[],0.3582589048311552,1.261233056280183e-11,False,0.12011577424023155,2.198190450668335,0.11560693641618497,2.197746753692627,0.0,7.703719777548943e-34,-2.7755575615628914e-17,3.677173851673744e-10,0.0,1.1031521555021234e-10
209,32,"[69, 138]",1,[3],"[55, 11, 11, 55]",mutated,3,<class 'torch.nn.modules.activation.Tanh'>,0.2,<class 'torch.optim.adamw.AdamW'>,0.0021515234499361693,0.0,,32,True,kaiming_uniform,cosine,{'T_max': 50},28250,[2.2502213802890503],[0.07246376811594203],[2.1526781589309603],[0.20809248554913296],[],[],0.358092485549133,1.2556532138893413e-11,False,0.07246376811594203,2.2502213802890503,0.20809248554913296,2.1526781589309603,0.0,0.0,0.0,3.6649551470372174e-10,0.0,1.0994865441111654e-10
210,128,"[69, 138]",1,[1],"[55, 145, 62, 72]",mutated,3,<class 'torch.nn.modules.activation.Tanh'>,0.2,<class 'torch.optim.adamw.AdamW'>,0.0021515234499361693,0.0,,128,True,kaiming_uniform,cosine,{'T_max': 50},155375,[2.2399673461914062],[0.14492753623188406],[2.1909947202384816],[0.16184971098265896],[],[],0.31184971098265896,2.457522262273042e-12,False,0.14492753623188406,2.2399673461914062,0.16184971098265896,2.1909947202384816,0.0,0.0,0.0,1.4534801597450581e-10,0.0,4.360440479235175e-11
211,1024,"[69, 138]",1,[1],"[99, 62, 62, 55]",mutated,7,<class 'torch.nn.modules.activation.Tanh'>,0.1,<class 'torch.optim.adamw.AdamW'>,0.0021515234499361693,0.0,,1024,True,kaiming_normal,cosine,{'T_max': 100},56500,[2.302049160003662],[0.11594202898550725],[2.1989998817443848],[0.15028901734104047],[],[],0.30028901734104047,1.0873373300435385e-12,False,0.11594202898550725,2.302049160003662,0.15028901734104047,2.1989998817443848,0.0,0.0,0.0,1.1534379038596545e-10,0.0,3.460313711578964e-11
206,32,"[69, 138]",1,[3],"[28, 23, 17, 17, 23, 28]",hourglass,5,<class 'torch.nn.modules.activation.GELU'>,0.4,<class 'torch.optim.adam.Adam'>,0.03903304514522225,1e-06,,32,True,kaiming_uniform,exponential,{'gamma': 0.99},14125,[6.756938032481981],[0.08695652173913043],[2.2491806173600213],[0.14450867052023122],[],[],0.2945086705202312,5.122776907226988e-13,False,0.08695652173913043,6.756938032481981,0.14450867052023122,2.2491806173600213,0.0,0.0,0.0,1.027511696825894e-10,0.0,3.0825350904776826e-11
208,32,"[69, 138]",1,[3],"[91, 90, 75, 55, 55, 45, 37, 30, 20, 15, 6, 4, 6, 15, 20, 30, 37, 45, 55, 55, 75, 90, 91]",hourglass,22,<class 'torch.nn.modules.activation.ELU'>,0.2,<class 'torch.optim.adam.Adam'>,0.0016479592622914163,0.0001,,32,True,xavier_normal,cosine,{'T_max': 100},14183,[2.2473836981731914],[0.08695652173913043],[2.2007195591237503],[0.13872832369942195],[],[],0.2887283236994219,0.0,False,0.08695652173913043,2.2473836981731914,0.13872832369942195,2.2007195591237503,0.0,0.0,0.0,9.153334423809981e-11,0.0,2.7460003271429947e-11
219,32,"[69, 138]",1,[3],"[99, 62, 62, 72]",mutated,3,<class 'torch.nn.modules.activation.Tanh'>,0.1,<class 'torch.optim.adamw.AdamW'>,0.0021515234499361693,1e-06,,32,True,xavier_normal,cosine,{'T_max': 50},28250,[2.1957451226054756],[0.11594202898550725],[2.041662100422589],[0.3179190751445087],[],[],0.4679190751445087,1.5123843854510598e-10,False,0.11594202898550725,2.1957451226054756,0.3179190751445087,2.041662100422589,0.0,0.0,0.0,3.2961738412439687e-09,0.0,9.888521523731907e-10
207,128,"[69, 138, 276]",2,"[1, 3]","[84, 69, 38]",triangular,3,<class 'torch.nn.modules.activation.GELU'>,0.4,<class 'torch.optim.rmsprop.RMSprop'>,0.0021577357237000223,1e-05,,128,False,xavier_uniform,cosine,{'T_max': 50},14154,"[2.332634449005127, 2.3272522843402363]","[0.17391304347826086, 0.15217391304347827]","[2.1482858285738553, 2.0517237379371775]","[0.23121387283236994, 0.26011560693641617]",[],[],0.41011560693641613,4.52624924196601e-11,False,0.15217391304347827,2.3272522843402363,0.26011560693641617,2.0517237379371775,0.0,0.0,0.0,1.0373747293764118e-09,0.0,3.112124188129236e-10
216,32,"[69, 138]",1,[3],"[99, 11, 11, 55]",mutated,25,<class 'torch.nn.modules.activation.Tanh'>,0.1,<class 'torch.optim.adamw.AdamW'>,0.0655108914701854,0.0,,32,False,xavier_normal,cosine,{'T_max': 50},155375,[2.282876994298852],[0.11594202898550725],[2.300011341282398],[0.18497109826589594],[],[],0.33497109826589594,7.42054973912624e-12,False,0.11594202898550725,2.282876994298852,0.18497109826589594,2.300011341282398,0.0,0.0,0.0,2.3080163762074472e-10,0.0,6.924049128622343e-11
217,32,"[69, 138]",1,[3],"[99, 86, 79, 55]",mutated,25,<class 'torch.nn.modules.activation.Tanh'>,0.1,<class 'torch.optim.adamw.AdamW'>,0.0655108914701854,0.0,,32,False,xavier_normal,cosine,{'T_max': 50},155375,[2.244960843652919],[0.15942028985507245],[3.2661878993745486],[0.1676300578034682],[],[],0.3176300578034682,4.247061311263299e-12,False,0.15942028985507245,2.244960843652919,0.1676300578034682,3.2661878993745486,0.0,0.0,0.0,1.6316107290341209e-10,0.0,4.894832187102363e-11
213,32,"[69, 138]",1,[3],"[28, 23, 17, 17, 23, 28]",hourglass,5,<class 'torch.nn.modules.activation.GELU'>,0.4,<class 'torch.optim.adam.Adam'>,0.03903304514522225,1e-06,,32,True,kaiming_uniform,exponential,{'gamma': 0.99},14125,[6.756938032481981],[0.08695652173913043],[2.2491806173600213],[0.14450867052023122],[],[],0.2945086705202312,1.4128134069066413e-12,False,0.08695652173913043,6.756938032481981,0.14450867052023122,2.2491806173600213,0.0,0.0,0.0,1.027511696825894e-10,0.0,3.0825350904776826e-11
215,128,"[69, 138]",1,[1],"[6, 7, 11, 22, 30, 30, 34, 43, 49, 55, 59, 63, 63, 65, 70, 71, 72, 79, 81, 87, 88, 95, 100]",inv_pyramid,23,<class 'torch.nn.modules.activation.Tanh'>,0.1,<class 'torch.optim.adamw.AdamW'>,0.0010086448042679733,0.0001,,128,True,kaiming_normal,cosine,{'T_max': 50},14185,[2.268105983734131],[0.11594202898550725],[2.213051182686249],[0.12716763005780346],[],[],0.2771676300578034,0.0,False,0.11594202898550725,2.268105983734131,0.12716763005780346,2.213051182686249,0.0,0.0,0.0,7.26380941647003e-11,0.0,2.1791428249410093e-11
214,256,"[69, 138]",1,[1],"[55, 43, 28, 12]",pyramid,4,<class 'torch.nn.modules.activation.ReLU'>,0.1,<class 'torch.optim.rmsprop.RMSprop'>,0.00011852591749778217,0.0,,256,True,kaiming_uniform,none,{},14155,[2.346278429031372],[0.11594202898550725],[2.286940336227417],[0.12716763005780346],[],[],0.2771676300578034,0.0,False,0.11594202898550725,2.346278429031372,0.12716763005780346,2.286940336227417,0.0,0.0,0.0,7.26380941647003e-11,0.0,2.1791428249410093e-11
224,16,"[69, 138]",1,[5],"[99, 86, 79, 72]",mutated,25,<class 'torch.nn.modules.activation.Tanh'>,0.1,<class 'torch.optim.adamw.AdamW'>,0.0021515234499361693,0.0,,16,False,kaiming_uniform,cosine,{'T_max': 50},28250,[2.1649133087932197],[0.2028985507246377],[2.0126259540546836],[0.30057803468208094],[],[],0.4505780346820809,9.864518022770849e-11,False,0.2028985507246377,2.1649133087932197,0.30057803468208094,2.0126259540546836,0.0,0.0,0.0,2.330170905374608e-09,0.0,6.990512716123825e-10
223,32,"[69, 138]",1,[3],"[99, 11, 11, 55]",mutated,25,<class 'torch.nn.modules.activation.Tanh'>,0.1,<class 'torch.optim.adamw.AdamW'>,0.0655108914701854,0.0,,32,False,xavier_normal,cosine,{'T_max': 50},155375,[2.282876994298852],[0.11594202898550725],[2.300011341282398],[0.18497109826589594],[],[],0.33497109826589594,7.516400117056055e-12,False,0.11594202898550725,2.282876994298852,0.18497109826589594,2.300011341282398,0.0,0.0,0.0,2.3080163762074472e-10,0.0,6.924049128622343e-11
225,64,"[69, 138]",1,[2],"[55, 97, 11, 55]",mutated,3,<class 'torch.nn.modules.activation.Tanh'>,0.2,<class 'torch.optim.adamw.AdamW'>,0.0021515234499361693,0.0,,64,True,kaiming_uniform,cosine,{'T_max': 50},28250,[2.354474160982215],[0.07246376811594203],[2.169902841479792],[0.15028901734104047],[],[],0.30028901734104047,2.5046411405304076e-12,False,0.07246376811594203,2.354474160982215,0.15028901734104047,2.169902841479792,0.0,0.0,0.0,1.1534379038596545e-10,0.0,3.460313711578964e-11
220,32,"[69, 138]",1,[3],"[28, 23, 17, 17, 23, 28]",hourglass,5,<class 'torch.nn.modules.activation.GELU'>,0.4,<class 'torch.optim.adam.Adam'>,0.03903304514522225,1e-06,,32,True,kaiming_uniform,exponential,{'gamma': 0.99},14125,[6.756938032481981],[0.08695652173913043],[2.2491806173600213],[0.14450867052023122],[],[],0.2945086705202312,1.9580245063245635e-12,False,0.08695652173913043,6.756938032481981,0.14450867052023122,2.2491806173600213,0.0,0.0,0.0,1.027511696825894e-10,0.0,3.0825350904776826e-11
226,256,"[69, 138]",1,[1],"[68, 97, 31, 72]",mutated,14,<class 'torch.nn.modules.activation.Tanh'>,0.2,<class 'torch.optim.adamw.AdamW'>,0.0007006700163436125,0.0,,256,True,kaiming_uniform,step,"{'T_max': 50, 'gamma': 0.9, 'step_size': 5}",28250,[2.2826130390167236],[0.11594202898550725],[2.1982357501983643],[0.1329479768786127],[],[],0.28294797687861273,1.037306132808562e-12,False,0.11594202898550725,2.2826130390167236,0.1329479768786127,2.1982357501983643,0.0,0.0,0.0,8.154022122844821e-11,0.0,2.4462066368534466e-11
222,64,"[69, 138]",1,[2],"[51, 51, 51, 51, 51, 51, 51, 51, 51, 51, 51, 51, 51, 51]",constant,14,<class 'torch.nn.modules.activation.Sigmoid'>,0.3,<class 'torch.optim.adam.Adam'>,0.0015361817652963985,0.001,,64,True,kaiming_uniform,step,"{'step_size': 10, 'gamma': 0.1}",14187,[2.2569013574849004],[0.10144927536231885],[2.241261327886857],[0.11560693641618497],[],[],0.26560693641618494,0.0,False,0.10144927536231885,2.2569013574849004,0.11560693641618497,2.241261327886857,0.0,0.0,0.0,5.7643395068516504e-11,0.0,1.7293018520554954e-11
221,1024,"[69, 138]",1,[1],"[67, 67, 67, 67, 67, 67, 67, 67, 67, 67, 67, 67, 67, 67, 67, 67, 67, 67, 67]",constant,19,<class 'torch.nn.modules.activation.ELU'>,0.4,<class 'torch.optim.adam.Adam'>,0.00013809339577699909,0.01,,1024,True,xavier_uniform,none,{},14156,[3747.395263671875],[0.18840579710144928],[46.694427490234375],[0.11560693641618497],[],[],0.26560693641618494,0.0,False,0.18840579710144928,3747.395263671875,0.11560693641618497,46.694427490234375,0.0,0.0,0.0,5.7643395068516504e-11,0.0,1.7293018520554954e-11
0,512,"[69, 138, 276, 552, 1104, 1382, 1382, 1382, 1382, 1382, 1382, 1382, 1382, 1382, 1382, 1382, 1382, 1382, 1382, 1382, 1382, 1382, 1382, 1382, 1382, 1382, 1382, 1382, 1382, 1382, 1382, 1382, 1382, 1382]",33,"[1, 2, 3, 5, 7, 9, 11, 13, 15, 17, 19, 21, 23, 25, 27, 29, 31, 33, 35, 37, 39, 41, 43, 45, 47, 49, 51, 53, 55, 57, 59, 61, 63]","[68, 65, 64, 54, 48, 41, 36, 8, 36, 41, 48, 54, 64, 65, 68]",hourglass,14,<class 'torch.nn.modules.activation.ELU'>,0.1,<class 'torch.optim.sgd.SGD'>,0.0007006700163436125,0.0,0.95,512,True,kaiming_uniform,step,"{'step_size': 5, 'gamma': 0.9}",0,"[2.9038896560668945, 3.499818801879883, 3.4471287727355957, 3.26106702072033, 3.0876395833475025, 2.882645487267788, 2.7302808074978775, 2.625987191621198, 2.5497916835089325, 2.4872476016043237, 2.4302969303213913, 2.3772385386068122, 2.326388482247006, 2.276414110760613, 2.2283802967513178, 2.1838692140303197, 2.1427816206052923, 2.105330080268352, 2.071163363981178, 2.0401950900357986, 2.0115368362791113, 1.9850166047533755, 1.9606328155473414, 1.9381405920782242, 1.9171227739447279, 1.8971197965693716, 1.877733098097717, 1.8586929192936368, 1.8398246640924434, 1.8211108651416519, 1.8026235324429016, 1.7841765658037707, 1.765645667198943]","[0.15942028985507245, 0.12318840579710146, 0.10869565217391304, 0.10144927536231885, 0.10564399421128799, 0.11432706222865413, 0.13024602026049203, 0.1287988422575977, 0.1345875542691751, 0.15050651230101303, 0.1577424023154848, 0.1649782923299566, 0.17655571635311143, 0.18958031837916064, 0.2040520984081042, 0.20694645441389292, 0.2098408104196816, 0.21852387843704776, 0.21852387843704776, 0.23299565846599132, 0.24457308248914617, 0.2503617945007236, 0.2662807525325615, 0.2793053545586107, 0.28798842257597684, 0.3053545586107091, 0.31982633863965265, 0.3299565846599132, 0.341534008683068, 0.35021707670043417, 0.35600578871201155, 0.361794500723589, 0.37771345875542695]","[2.7305121421813965, 2.696981906890869, 2.6531293392181396, 2.558337926864624, 2.475253105163574, 2.415024757385254, 2.3724727630615234, 2.3411285877227783, 2.3167951107025146, 2.296264886856079, 2.2767786979675293, 2.2581121921539307, 2.240630865097046, 2.224475860595703, 2.2095415592193604, 2.1956634521484375, 2.1827938556671143, 2.170957326889038, 2.160283088684082, 2.150878429412842, 2.1428122520446777, 2.1359217166900635, 2.129956007003784, 2.124671697616577, 2.119885206222534, 2.1154675483703613, 2.111272096633911, 2.1071715354919434, 2.103105068206787, 2.0990164279937744, 2.0948612689971924, 2.0906291007995605, 2.0863468647003174]","[0.17341040462427745, 0.1676300578034682, 0.1676300578034682, 0.16184971098265896, 0.15606936416184972, 0.15028901734104047, 0.15028901734104047, 0.14450867052023122, 0.1676300578034682, 0.18497109826589594, 0.1791907514450867, 0.15606936416184972, 0.17341040462427745, 0.1907514450867052, 0.2023121387283237, 0.19653179190751446, 0.1907514450867052, 0.1907514450867052, 0.18497109826589594, 0.1791907514450867, 0.19653179190751446, 0.19653179190751446, 0.1907514450867052, 0.1907514450867052, 0.19653179190751446, 0.20809248554913296, 0.1907514450867052, 0.2023121387283237, 0.2023121387283237, 0.20809248554913296, 0.21965317919075145, 0.21965317919075145, 0.2254335260115607]",[],[],1.0,0.09619177981062935,True,0.37771345875542695,1.765645667198943,0.2254335260115607,2.0863468647003174,0.0008390826030206974,0.0004312011030942806,0.041365606936416194,0.0001425543170425848,0.996,0.6972427662951127
119,32,"[69, 138, 276, 552, 1104, 1382, 1382, 1382, 1382, 1382, 1382, 1382, 1382, 1382, 1382, 1382, 1382, 1382]",17,"[3, 8, 17, 35, 57, 79, 101, 123, 145, 167, 189, 211, 233, 255, 277, 299, 321]","[99, 86, 79, 55]",mutated,25,<class 'torch.nn.modules.activation.Tanh'>,0.1,<class 'torch.optim.adamw.AdamW'>,0.0655108914701854,0.0,,32,False,xavier_normal,cosine,{'T_max': 50},155375,"[2.2748318305913955, 1.9795762844707654, 1.5968083160510962, 1.2301987012227376, 1.354994597207275, 1.338391740139245, 1.1921280555200646, 1.1524810427004626, 1.1324555054414807, 1.1419946001856096, 1.1752777989797414, 0.9958617749331484, 1.206218397738102, 1.469852098162716, 1.30342101947271, 1.332798209618211, 1.1876436016494045]","[0.14492753623188406, 0.4420289855072464, 0.5144927536231884, 0.6177536231884058, 0.5817655571635311, 0.6034732272069464, 0.6439942112879884, 0.6410998552821997, 0.6410998552821997, 0.6410998552821997, 0.6324167872648335, 0.6743849493487699, 0.6338639652677279, 0.5672937771345875, 0.5745296671490593, 0.5918958031837916, 0.61794500723589]","[2.665001027156852, 2.360043770316019, 1.1741369094462752, 1.31417651810398, 1.843150909236401, 1.1693023157257565, 1.3256710757409906, 1.021160308163979, 1.2464012438162213, 1.5389206636847788, 0.9762441753652055, 1.1598467730373316, 1.339249100988311, 1.401381436110921, 1.5668934611226781, 1.3629311371400865, 1.468735351727877]","[0.2138728323699422, 0.30057803468208094, 0.7052023121387283, 0.5838150289017341, 0.5086705202312138, 0.6820809248554913, 0.5838150289017341, 0.7167630057803468, 0.5722543352601156, 0.5202312138728323, 0.6416184971098265, 0.6936416184971098, 0.5953757225433526, 0.5202312138728323, 0.5260115606936416, 0.5202312138728323, 0.6127167630057804]",[],[],1.0,0.06586655852045506,True,0.61794500723589,1.1876436016494045,0.6127167630057804,1.468735351727877,0.0012542261969680445,0.016823899607386845,0.057442196531791945,0.00010485261906628895,0.682,0.4774314557857199
218,32,"[69, 138, 276, 552]",3,"[3, 8, 17]","[99, 62, 62, 55]",mutated,25,<class 'torch.nn.modules.activation.Tanh'>,0.1,<class 'torch.optim.adamw.AdamW'>,0.0021515234499361693,0.0,,32,False,xavier_normal,cosine,{'T_max': 50},28250,"[2.2038173986517866, 1.9490314186483189, 1.5922567101492398]","[0.08695652173913043, 0.4420289855072464, 0.677536231884058]","[2.0746006910511525, 1.8627583098549374, 1.408360333801005]","[0.3236994219653179, 0.4913294797687861, 0.6936416184971098]",[],[],1.0,0.06297750348335168,True,0.677536231884058,1.5922567101492398,0.6936416184971098,1.408360333801005,0.026424442609413706,0.022876362947865502,0.2861271676300578,0.0003008031819265389,0.652,0.4564902409545779
31,32,"[69, 138, 276, 552, 1104, 1382, 1382, 1382, 1382, 1382, 1382, 1382, 1382, 1382, 1382, 1382, 1382, 1382, 1382, 1382, 1382, 1382, 1382, 1382, 1382, 1382, 1382, 1382, 1382, 1382, 1382, 1382]",31,"[3, 8, 17, 35, 57, 79, 101, 123, 145, 167, 189, 211, 233, 255, 277, 299, 321, 343, 365, 387, 409, 431, 453, 475, 497, 519, 541, 563, 585, 607, 629]","[99, 11, 11, 55]",mutated,25,<class 'torch.nn.modules.activation.Tanh'>,0.1,<class 'torch.optim.sgd.SGD'>,0.0655108914701854,0.0,0.95,32,False,xavier_normal,cosine,{'T_max': 50},155375,"[2.196013820344123, 2.1236586328865825, 1.8034962484802024, 0.8407449609991433, 0.4210694967061497, 0.3782160881739622, 0.3384456938906275, 0.23893659676165035, 0.1358014548496598, 0.10829026106200498, 0.07311542920886867, 0.1115936226603695, 0.1585992359476738, 0.14564728473788924, 0.13797419946290304, 0.07390494513771512, 0.07620214277611541, 0.03147365155413494, 0.015521245447894513, 0.014519123675897394, 0.008998996257383037, 0.005347070683470446, 0.003649035793304236, 0.0028612260533952966, 0.002496765598672605, 0.0022355955593918375, 0.0020180924671697707, 0.0017890900028466857, 0.0016563037872543915, 0.0015395071963614862, 0.0014381868685027935]","[0.11594202898550725, 0.2028985507246377, 0.427536231884058, 0.7445652173913043, 0.8813314037626628, 0.8842257597684515, 0.8958031837916064, 0.934876989869754, 0.9652677279305355, 0.975397973950796, 0.9768451519536903, 0.9725036179450073, 0.9580318379160637, 0.9522431259044862, 0.9696092619392185, 0.9826338639652678, 0.9782923299565847, 0.9956584659913169, 0.9985528219971056, 0.9956584659913169, 1.0, 1.0, 1.0, 1.0, 1.0, 1.0, 1.0, 1.0, 1.0, 1.0, 1.0]","[2.1828990478736126, 2.0432432986408298, 1.363275519685249, 0.48242222143046426, 0.6178833472763183, 0.6813465486027602, 0.4069225775196373, 0.5148452270151562, 0.47661160560852356, 0.557139245480988, 0.5134049423491163, 0.6260887466282233, 0.564606075928778, 0.7723085105074623, 0.6045674037382093, 0.679813969169738, 0.6473377646738394, 0.6456083714789738, 0.7026645580382016, 0.7378889719358069, 0.7488899418728889, 0.6938247789192751, 0.6909266187018053, 0.7023503319548734, 0.712031529817967, 0.7186255949856228, 0.723264303252187, 0.7274946875310357, 0.7317123096543929, 0.7357642038623032, 0.7395953456790461]","[0.1676300578034682, 0.3063583815028902, 0.6358381502890174, 0.8670520231213873, 0.8901734104046243, 0.8670520231213873, 0.9190751445086706, 0.9248554913294798, 0.9132947976878613, 0.9017341040462428, 0.8959537572254336, 0.861271676300578, 0.9132947976878613, 0.8786127167630058, 0.8901734104046243, 0.8901734104046243, 0.9190751445086706, 0.9017341040462428, 0.9075144508670521, 0.9075144508670521, 0.8786127167630058, 0.9075144508670521, 0.9075144508670521, 0.9132947976878613, 0.9132947976878613, 0.9075144508670521, 0.9075144508670521, 0.9132947976878613, 0.9132947976878613, 0.9132947976878613, 0.9132947976878613]",[],[],1.0,0.06296846746780736,True,1.0,0.0014381868685027935,0.9132947976878613,0.7395953456790461,0.0011911577314447173,0.028668890289745386,0.06551059730250475,8.247903521796112e-05,0.652,0.45642474371056535
212,128,"[69, 138, 276, 552, 1104]",4,"[1, 3, 6, 11]","[44, 145, 93, 72]",mutated,3,<class 'torch.nn.modules.activation.Tanh'>,0.1,<class 'torch.optim.adamw.AdamW'>,0.0021515234499361693,0.0,,128,True,kaiming_uniform,cosine,{'T_max': 50},28250,"[2.1582489013671875, 2.0339940268060435, 1.8662597683892734, 1.6283403099447056]","[0.21739130434782608, 0.26811594202898553, 0.44565217391304346, 0.5996376811594203]","[2.106356234908793, 1.9527356452335511, 1.7520904940676827, 1.4103732798140862]","[0.2254335260115607, 0.3872832369942196, 0.5202312138728323, 0.6763005780346821]",[],[],1.0,0.06144460719311075,True,0.5996376811594203,1.6283403099447056,0.6763005780346821,1.4103732798140862,0.045086705202312144,0.02762162117010258,0.29865125240847784,0.0005969852489176067,0.636,0.44537909557467525
121,32,"[69, 138, 276, 552, 1104, 1382, 1382, 1382, 1382, 1382, 1382, 1382, 1382, 1382, 1382, 1382, 1382, 1382]",17,"[3, 8, 17, 35, 57, 79, 101, 123, 145, 167, 189, 211, 233, 255, 277, 299, 321]","[99, 62, 62, 72]",mutated,3,<class 'torch.nn.modules.activation.Tanh'>,0.1,<class 'torch.optim.adamw.AdamW'>,0.0021515234499361693,1e-06,,32,True,xavier_normal,cosine,{'T_max': 50},28250,"[2.2107875554457954, 1.8777054340943047, 1.5718936954719434, 0.9525199843489606, 0.3253072059016497, 0.06664770026994511, 0.02727836437318501, 0.0172373808154839, 0.012651744322897125, 0.009896414993969689, 0.00803320394160412, 0.006689347731092387, 0.005680755986367095, 0.004899622867080651, 0.004279500023123583, 0.00377734378788906, 0.003364797557573415]","[0.17391304347826086, 0.4927536231884058, 0.6666666666666666, 0.822463768115942, 0.9479015918958031, 0.9956584659913169, 1.0, 1.0, 1.0, 1.0, 1.0, 1.0, 1.0, 1.0, 1.0, 1.0, 1.0]","[2.053658783091286, 1.8255560026003446, 1.3208814969641625, 0.5718702589500846, 0.27664586979185224, 0.20458545161120464, 0.1995065726253683, 0.19967504946051995, 0.1998703914312269, 0.1999927529623743, 0.20041572405940536, 0.20112563516793913, 0.2019834953731712, 0.20291317761418104, 0.2038789891524811, 0.2048637912301831, 0.20586511492729187]","[0.35260115606936415, 0.5491329479768786, 0.7572254335260116, 0.9075144508670521, 0.9364161849710982, 0.9364161849710982, 0.9421965317919075, 0.9421965317919075, 0.9421965317919075, 0.9421965317919075, 0.9421965317919075, 0.9421965317919075, 0.9421965317919075, 0.9421965317919075, 0.9421965317919075, 0.9421965317919075, 0.9421965317919075]",[],[],1.0,0.061423581439023066,True,1.0,0.003364797557573415,0.9421965317919075,0.20586511492729187,0.0018540735085614572,0.026525290939421683,0.07586705202312138,8.897042782871993e-05,0.636,0.4452266911283486
156,32,"[69, 138, 276, 552, 1104, 1382, 1382, 1382, 1382, 1382, 1382, 1382, 1382]",12,"[3, 8, 17, 35, 57, 79, 101, 123, 145, 167, 189, 211]","[55, 145, 62, 72]",mutated,25,<class 'torch.nn.modules.activation.Tanh'>,0.1,<class 'torch.optim.adamw.AdamW'>,0.0655108914701854,1e-06,,32,True,xavier_normal,cosine,{'T_max': 50},28250,"[2.324543111566184, 2.656014915825664, 2.277081036913222, 1.7516874144042747, 1.605415542460385, 1.3745285219980563, 1.1531222120207747, 1.0808097834870025, 0.9637899014953248, 1.0302264068475162, 1.1136139165475296, 1.2911896552087256]","[0.11594202898550725, 0.21014492753623187, 0.3804347826086957, 0.4148550724637681, 0.5296671490593343, 0.5918958031837916, 0.6338639652677279, 0.662807525325615, 0.6975397973950795, 0.7163531114327062, 0.6497829232995659, 0.6034732272069464]","[3.591954680536524, 3.046829790049206, 1.7385380068266323, 1.459063405935475, 1.2070308455153007, 1.096185972580331, 0.9121729907272869, 1.2274407244831151, 1.0352230258070665, 1.1358942775368002, 1.5657930119189223, 1.3131992348356742]","[0.2023121387283237, 0.3063583815028902, 0.3988439306358382, 0.5491329479768786, 0.6416184971098265, 0.6473988439306358, 0.6589595375722543, 0.6011560693641619, 0.6994219653179191, 0.6647398843930635, 0.5664739884393064, 0.5895953757225434]",[],[],1.0,0.06084444311027693,True,0.6034732272069464,1.2911896552087256,0.5895953757225434,1.3131992348356742,0.001861938639395287,0.02269514703316367,0.04992117708880717,9.609039904642589e-05,0.63,0.44102882711971386
195,32,"[69, 138, 276, 552, 1104, 1382, 1382]",6,"[3, 8, 17, 35, 57, 79]","[55, 11, 11, 55]",mutated,3,<class 'torch.nn.modules.activation.Tanh'>,0.2,<class 'torch.optim.adamw.AdamW'>,0.0021515234499361693,0.0,,32,True,kaiming_uniform,cosine,{'T_max': 50},28250,"[2.2502213802890503, 2.128874205160832, 2.0607006066087363, 1.9056050276410752, 1.6078399749292134, 1.1133355374964204]","[0.07246376811594203, 0.2028985507246377, 0.213768115942029, 0.3442028985507246, 0.5021707670043415, 0.7134587554269175]","[2.1526781589309603, 2.063182619265738, 1.908067409702808, 1.5662335412350694, 1.2070241587699493, 0.8840580200184287]","[0.20809248554913296, 0.26011560693641617, 0.42196531791907516, 0.6358381502890174, 0.7745664739884393, 0.815028901734104]",[],[],1.0,0.060650042508068845,True,0.7134587554269175,1.1133355374964204,0.815028901734104,0.8840580200184287,0.00798600547611804,0.05661639955301621,0.35491329479768785,6.573708067708781e-05,0.628,0.4396197211242031
41,64,"[69, 138, 276, 552, 1104, 1382, 1382, 1382, 1382, 1382, 1382, 1382, 1382, 1382, 1382, 1382, 1382, 1382, 1382, 1382, 1382, 1382, 1382, 1382, 1382, 1382, 1382, 1382, 1382, 1382]",29,"[2, 5, 10, 19, 30, 41, 52, 63, 74, 85, 96, 107, 118, 129, 140, 151, 162, 173, 184, 195, 206, 217, 228, 239, 250, 261, 272, 283, 294]","[99, 97, 62, 72]",mutated,3,<class 'torch.nn.modules.activation.Tanh'>,0.2,<class 'torch.optim.adamw.AdamW'>,0.0655108914701854,0.0,0.95,64,False,kaiming_uniform,cosine,{'T_max': 50},155375,"[2.2594982886659927, 2.2251128424768862, 1.997703534969385, 1.8274991857832756, 1.4788127444069914, 1.1034147955056728, 0.9685403030964124, 0.798930563474702, 0.6482963200588475, 0.5785405352043174, 0.44823170199925577, 0.4282610788186621, 0.35581931536518546, 0.38805883243011496, 0.3974217890658013, 0.5584880259378602, 0.6306157223395087, 0.5720490611410348, 0.6155566730564824, 0.6679600159787235, 0.790199262188416, 0.8174875134497062, 1.0170553601771464, 0.9510429169438165, 0.9411923075377855, 0.970586276951471, 0.9392932565443423, 1.023625704037988, 0.9522076981457546]","[0.14492753623188406, 0.2318840579710145, 0.42391304347826086, 0.5, 0.552821997105644, 0.6541244573082489, 0.7163531114327062, 0.7568740955137482, 0.7800289435600579, 0.8335745296671491, 0.8480463096960926, 0.8842257597684515, 0.8827785817655571, 0.8596237337192475, 0.8784370477568741, 0.8263386396526773, 0.8002894356005789, 0.8176555716353111, 0.8176555716353111, 0.7988422575976846, 0.76410998552822, 0.7655571635311144, 0.7221418234442837, 0.7496382054992764, 0.7279305354558611, 0.7337192474674384, 0.723589001447178, 0.703328509406657, 0.7062228654124457]","[2.6149669299924994, 2.048513251232963, 2.0078543651999765, 1.206534562083338, 0.93813941175538, 0.7218683096714792, 0.9172874451372665, 0.7140369546206701, 0.7028667771747347, 0.6000114195264143, 0.7416490257819953, 0.5465654406933426, 0.6378119338110003, 0.621571226099323, 0.66382031461407, 0.7909490069902012, 0.6991264864888495, 0.9998778290831285, 0.8565926572490978, 0.9836876009930076, 1.0372649403665797, 0.8208842594499532, 1.0546061689454007, 1.0559612236960085, 0.8803723909262288, 1.0671225882679052, 1.0089595310949866, 1.0366694396630878, 1.568015128890903]","[0.17341040462427745, 0.26011560693641617, 0.48554913294797686, 0.6069364161849711, 0.6936416184971098, 0.7456647398843931, 0.6994219653179191, 0.7630057803468208, 0.791907514450867, 0.8208092485549133, 0.7803468208092486, 0.8092485549132948, 0.815028901734104, 0.8265895953757225, 0.7572254335260116, 0.7398843930635838, 0.815028901734104, 0.7341040462427746, 0.7861271676300579, 0.7456647398843931, 0.6878612716763006, 0.7167630057803468, 0.6878612716763006, 0.6705202312138728, 0.7456647398843931, 0.6936416184971098, 0.7052023121387283, 0.6647398843930635, 0.5375722543352601]",[],[],1.0,0.06045803480978743,True,0.7062228654124457,0.9522076981457546,0.5375722543352601,1.568015128890903,0.0012471296222978858,0.022697236412343145,-0.1560693641618498,9.320003159006042e-05,0.626,0.438227960009477
100,32,"[69, 138, 276, 552, 1104, 1382, 1382, 1382, 1382, 1382, 1382, 1382, 1382, 1382, 1382, 1382, 1382, 1382, 1382, 1382, 1382]",20,"[3, 8, 17, 35, 57, 79, 101, 123, 145, 167, 189, 211, 233, 255, 277, 299, 321, 343, 365, 387]","[55, 97, 62, 72]",mutated,3,<class 'torch.nn.modules.activation.Tanh'>,0.2,<class 'torch.optim.adamw.AdamW'>,0.0021515234499361693,0.0,,32,True,kaiming_uniform,cosine,{'T_max': 50},28250,"[2.2628767455833545, 1.94181527953217, 1.7871562881746155, 1.4051139389259228, 0.8210456567114238, 0.25417494879531444, 0.08713323143668009, 0.044219263420910634, 0.02902693278796421, 0.021349017029862673, 0.016685226849952845, 0.013540625018263088, 0.011275770044285809, 0.009564692615470735, 0.008250753778705506, 0.007216735094025537, 0.006386141368900944, 0.005703444279967531, 0.005132083044496571, 0.004650810323709517]","[0.08695652173913043, 0.38405797101449274, 0.4673913043478261, 0.6177536231884058, 0.8104196816208393, 0.975397973950796, 1.0, 1.0, 1.0, 1.0, 1.0, 1.0, 1.0, 1.0, 1.0, 1.0, 1.0, 1.0, 1.0, 1.0]","[2.143884099287794, 1.9358026340517696, 1.5905403029711949, 0.9494380744206423, 0.5109509815370417, 0.3502308091504036, 0.3161897947850255, 0.31014179808728265, 0.3108800421388163, 0.31276018023921576, 0.3150271506107956, 0.31735044831916087, 0.31982947572678155, 0.32226931582597984, 0.32483265785812643, 0.32727941083641066, 0.3295839557456488, 0.33188789927352197, 0.3340557320958617, 0.33615611278252794]","[0.19653179190751446, 0.3815028901734104, 0.5780346820809249, 0.815028901734104, 0.8786127167630058, 0.9132947976878613, 0.8959537572254336, 0.9017341040462428, 0.9017341040462428, 0.9017341040462428, 0.9017341040462428, 0.9017341040462428, 0.9017341040462428, 0.9017341040462428, 0.9017341040462428, 0.9017341040462428, 0.9017341040462428, 0.9017341040462428, 0.9017341040462428, 0.9017341040462428]",[],[],1.0,0.06007085974281068,True,1.0,0.004650810323709517,0.9017341040462428,0.33615611278252794,0.0018364643545279384,0.037215075679107215,0.08700943109218129,7.178339686127107e-05,0.622,0.43542153501905834
2,32,"[69, 138, 276, 552, 1104, 1382, 1382, 1382, 1382, 1382, 1382, 1382, 1382, 1382, 1382, 1382, 1382, 1382, 1382, 1382, 1382, 1382, 1382, 1382, 1382, 1382, 1382, 1382, 1382, 1382, 1382, 1382, 1382, 1382]",33,"[3, 8, 17, 35, 57, 79, 101, 123, 145, 167, 189, 211, 233, 255, 277, 299, 321, 343, 365, 387, 409, 431, 453, 475, 497, 519, 541, 563, 585, 607, 629, 651, 673]","[55, 11, 11, 55]",hourglass,3,<class 'torch.nn.modules.activation.Tanh'>,0.2,<class 'torch.optim.adamw.AdamW'>,0.0021515234499361693,0.0,,32,False,kaiming_normal,none,{},28250,"[2.2474691453187363, 2.1476070293481797, 2.056804599969283, 1.867297205372133, 1.5593897796056722, 1.0408808849482392, 0.6924104409348948, 0.4677530984716374, 0.3226631440319304, 0.23736736911595643, 0.17801321342091483, 0.1365809073151452, 0.11419374302741242, 0.09234162554813363, 0.07440430206258804, 0.060118685507481076, 0.0516765863134616, 0.04648071388389198, 0.0377479489682466, 0.03285841741390235, 0.029364390889055996, 0.027139256345768567, 0.024960448860302676, 0.022256166928928945, 0.020264381399936165, 0.01876603184987598, 0.017077827955530107, 0.015757512072082366, 0.01465562370898237, 0.013621879552858956, 0.012734068102067182, 0.01174079304407371, 0.010969659507641226]","[0.18840579710144928, 0.18840579710144928, 0.2391304347826087, 0.35688405797101447, 0.5267727930535456, 0.7612156295224313, 0.8842257597684515, 0.934876989869754, 0.9638205499276411, 0.975397973950796, 0.9869753979739508, 0.9927641099855282, 0.9913169319826338, 0.9927641099855282, 0.9942112879884226, 1.0, 1.0, 0.9971056439942113, 1.0, 1.0, 1.0, 1.0, 1.0, 1.0, 1.0, 1.0, 1.0, 1.0, 1.0, 1.0, 1.0, 1.0, 1.0]","[2.160134027459029, 2.0880694995725775, 1.8934178435044482, 1.5585848210174913, 1.1634311951653806, 0.8548371164784955, 0.658580199142412, 0.5300070062882638, 0.4568392107252441, 0.41326423394197676, 0.39806798109084884, 0.3858591416323116, 0.38570258675972163, 0.3780365228825222, 0.3825040439822081, 0.38827451994653384, 0.39422653684381803, 0.39997650519271805, 0.40314235344443017, 0.4078614339663114, 0.41140585638195104, 0.4186747538388809, 0.4184096517590429, 0.42008425011111133, 0.4254170713052584, 0.42963259869572745, 0.4325432828223774, 0.4380646568502305, 0.44229133254875336, 0.44850226935279164, 0.45030504284222, 0.4561261357255065, 0.4599063097569295]","[0.20809248554913296, 0.24277456647398843, 0.3352601156069364, 0.5780346820809249, 0.7225433526011561, 0.8092485549132948, 0.8554913294797688, 0.8670520231213873, 0.884393063583815, 0.8901734104046243, 0.9017341040462428, 0.8786127167630058, 0.8786127167630058, 0.884393063583815, 0.8786127167630058, 0.8728323699421965, 0.8728323699421965, 0.8728323699421965, 0.8728323699421965, 0.8728323699421965, 0.8728323699421965, 0.8728323699421965, 0.8728323699421965, 0.8786127167630058, 0.8786127167630058, 0.8728323699421965, 0.8728323699421965, 0.8728323699421965, 0.8728323699421965, 0.8728323699421965, 0.8728323699421965, 0.8728323699421965, 0.8728323699421965]",[],[],1.0,0.05929841347075516,True,1.0,0.010969659507641226,0.8728323699421965,0.4599063097569295,0.0009921490811836769,0.03296034468597413,0.07080924855491322,7.495038296807539e-05,0.614,0.4298224851148904
12,128,"[69, 138, 276, 552, 1104, 1382, 1382, 1382, 1382, 1382, 1382, 1382, 1382, 1382, 1382, 1382, 1382, 1382, 1382, 1382, 1382, 1382, 1382, 1382, 1382, 1382, 1382, 1382, 1382, 1382, 1382, 1382, 1382, 1382]",33,"[1, 3, 6, 11, 17, 23, 29, 35, 41, 47, 53, 59, 65, 71, 77, 83, 89, 95, 101, 107, 113, 119, 125, 131, 137, 143, 149, 155, 161, 167, 173, 179, 185]","[72, 62, 62, 72]",hourglass,3,<class 'torch.nn.modules.activation.GELU'>,0.2,<class 'torch.optim.adamw.AdamW'>,0.00041348319330092163,1e-06,,128,False,kaiming_uniform,cosine,{'T_max': 10},169500,"[2.1369569301605225, 2.2152367985766865, 2.2028271979179936, 2.2504935471907905, 2.208497245473903, 2.127180413468357, 2.0440136875671517, 1.9644548649725797, 1.8878223630350337, 1.8126987639798442, 1.7375242104578639, 1.660431359335241, 1.579639947362643, 1.4939726786054508, 1.4027552747864453, 1.305622109110897, 1.2028682633867829, 1.0956843958577267, 0.9861509543769439, 0.8768547324816846, 0.7705435384544725, 0.6696615003469883, 0.5764473633552253, 0.49254234094178106, 0.4186840298034348, 0.35491123193856083, 0.30073310643995205, 0.255210727970783, 0.21723207911171893, 0.18564680522757915, 0.15939669445825555, 0.1376402164915881, 0.11956501204935584]","[0.17391304347826086, 0.13043478260869565, 0.15217391304347827, 0.1539855072463768, 0.15629522431259044, 0.20260492040520983, 0.27496382054992763, 0.3545586107091172, 0.40665701881331406, 0.46888567293777134, 0.5340086830680174, 0.5904486251808972, 0.6396526772793053, 0.6931982633863966, 0.7120115774240231, 0.76410998552822, 0.7959479015918958, 0.8205499276410999, 0.8393632416787264, 0.8552821997105644, 0.874095513748191, 0.9001447178002895, 0.9117221418234442, 0.9276410998552822, 0.9421128798842258, 0.9464544138929089, 0.9580318379160637, 0.9667149059334298, 0.9739507959479016, 0.975397973950796, 0.9797395079594791, 0.9855282199710564, 0.9884225759768451]","[2.202364701067092, 2.1968182277128188, 2.188019181951622, 2.1725672697056235, 2.154416195919059, 2.136965966638113, 2.119276180432711, 2.100311568706711, 2.0791154555502653, 2.054770316691757, 2.0263222986563094, 1.9926635185418102, 1.9524685661227716, 1.9042080006847493, 1.8462603278242784, 1.7771567719520172, 1.6960543738624263, 1.6033313742951851, 1.5011089530294341, 1.393138524424823, 1.2839792222645932, 1.1778492286715205, 1.0778443827105395, 0.9857549946432169, 0.9025051376723141, 0.8286836863942229, 0.7645634967467688, 0.7099519823327919, 0.664197445260307, 0.626301746492441, 0.5950889728661907, 0.5693465357570979, 0.5479366390002256]","[0.1907514450867052, 0.19653179190751446, 0.2138728323699422, 0.2543352601156069, 0.2947976878612717, 0.3236994219653179, 0.37572254335260113, 0.3988439306358382, 0.42196531791907516, 0.45664739884393063, 0.48554913294797686, 0.5260115606936416, 0.5491329479768786, 0.5722543352601156, 0.5895953757225434, 0.6011560693641619, 0.6184971098265896, 0.6358381502890174, 0.6416184971098265, 0.653179190751445, 0.6647398843930635, 0.6763005780346821, 0.7109826589595376, 0.7341040462427746, 0.7456647398843931, 0.7630057803468208, 0.7861271676300579, 0.8034682080924855, 0.8034682080924855, 0.8092485549132948, 0.815028901734104, 0.838150289017341, 0.838150289017341]",[],[],1.0,0.058718915651627006,True,0.9884225759768451,0.11956501204935584,0.838150289017341,0.5479366390002256,0.0035184719778838906,0.04026112488260785,0.27095375722543347,7.338450913377866e-05,0.608,0.42562201535274014
28,1024,"[69, 138, 276, 552, 1104, 1382, 1382, 1382, 1382, 1382, 1382, 1382, 1382, 1382, 1382, 1382, 1382, 1382, 1382, 1382, 1382, 1382, 1382, 1382, 1382, 1382, 1382, 1382, 1382, 1382, 1382, 1382, 1382]",32,"[1, 2, 3, 4, 5, 6, 7, 8, 9, 10, 11, 12, 13, 14, 15, 16, 17, 18, 19, 20, 21, 22, 23, 24, 25, 26, 27, 28, 29, 30, 31, 32]","[44, 86, 79, 55]",mutated,7,<class 'torch.nn.modules.activation.GELU'>,0.2,<class 'torch.optim.adamw.AdamW'>,0.0021515234499361693,0.0,,1024,True,kaiming_normal,cosine,{'T_max': 100},56500,"[2.496936798095703, 2.558307409286499, 2.430173397064209, 2.2365849018096924, 2.2320423126220703, 2.1540966033935547, 2.072434425354004, 1.9955005645751953, 1.925889015197754, 1.8623614311218262, 1.8028103113174438, 1.7453477382659912, 1.6883127689361572, 1.6304142475128174, 1.5707025527954102, 1.5086051225662231, 1.44390869140625, 1.3764537572860718, 1.3061614036560059, 1.2332080602645874, 1.1580041646957397, 1.0810569524765015, 1.0030481815338135, 0.9248411655426025, 0.847298264503479, 0.7711191177368164, 0.6967480778694153, 0.6244798302650452, 0.5546733140945435, 0.4877954125404358, 0.42438167333602905, 0.36511164903640747]","[0.10144927536231885, 0.057971014492753624, 0.09782608695652174, 0.1721014492753623, 0.16353111432706222, 0.2040520984081042, 0.24312590448625182, 0.2937771345875543, 0.3589001447178003, 0.4153400868306802, 0.4602026049204052, 0.5094066570188133, 0.5470332850940666, 0.5890014471780028, 0.61794500723589, 0.6483357452966715, 0.6685962373371924, 0.6989869753979739, 0.7221418234442837, 0.7452966714905933, 0.7742402315484804, 0.8002894356005789, 0.8219971056439942, 0.8364688856729378, 0.8596237337192475, 0.8798842257597684, 0.8885672937771346, 0.9001447178002895, 0.9073806078147613, 0.9160636758321273, 0.9334298118668596, 0.9450072358900145]","[2.1819958686828613, 2.1597578525543213, 2.143292188644409, 2.129472494125366, 2.1167891025543213, 2.104576587677002, 2.092217206954956, 2.079185962677002, 2.0650265216827393, 2.0492825508117676, 2.031423568725586, 2.0108299255371094, 1.9868263006210327, 1.9587048292160034, 1.9257657527923584, 1.8873400688171387, 1.8428200483322144, 1.7917134761810303, 1.7337448596954346, 1.6689883470535278, 1.5980161428451538, 1.521982192993164, 1.4424901008605957, 1.3612502813339233, 1.2797420024871826, 1.199082851409912, 1.1201313734054565, 1.043737530708313, 0.9709736108779907, 0.9031945466995239, 0.841859757900238, 0.7882557511329651]","[0.13872832369942195, 0.15028901734104047, 0.15606936416184972, 0.19653179190751446, 0.24277456647398843, 0.2947976878612717, 0.34104046242774566, 0.3815028901734104, 0.3988439306358382, 0.41040462427745666, 0.4508670520231214, 0.4624277456647399, 0.5375722543352601, 0.5606936416184971, 0.5780346820809249, 0.5895953757225434, 0.5953757225433526, 0.6358381502890174, 0.6705202312138728, 0.6994219653179191, 0.7052023121387283, 0.7109826589595376, 0.7398843930635838, 0.7456647398843931, 0.7630057803468208, 0.7687861271676301, 0.7861271676300579, 0.791907514450867, 0.7861271676300579, 0.791907514450867, 0.7861271676300579, 0.791907514450867]",[],[],1.0,0.05775619494625207,True,0.9450072358900145,0.36511164903640747,0.791907514450867,0.7882557511329651,0.021070296475853064,0.047176201123909925,0.24780906209211262,0.00014589281521966305,0.598,0.41864376784456586
78,128,"[69, 138, 276, 552, 1104, 1382, 1382, 1382, 1382, 1382, 1382, 1382, 1382, 1382, 1382, 1382, 1382, 1382, 1382, 1382, 1382, 1382, 1382, 1382]",23,"[1, 3, 6, 11, 17, 23, 29, 35, 41, 47, 53, 59, 65, 71, 77, 83, 89, 95, 101, 107, 113, 119, 125]","[44, 97, 62, 72]",mutated,3,<class 'torch.nn.modules.activation.Tanh'>,0.2,<class 'torch.optim.adamw.AdamW'>,0.0021515234499361693,0.0,,128,True,kaiming_uniform,cosine,{'T_max': 50},155375,"[2.259148120880127, 2.2203148206075034, 2.091096598169078, 1.961832172628762, 1.7399532122135852, 1.3539165441275678, 0.987231395524076, 0.6786763840577364, 0.4414135914204262, 0.2776157434830272, 0.1733345049184069, 0.11027788612371588, 0.07311840197974452, 0.05226139251450036, 0.039564121563079216, 0.0315728675191292, 0.026169238730661258, 0.022388607371388227, 0.01954573567272009, 0.017350629569124296, 0.015599084663570099, 0.014161196176108249, 0.012954675663914936]","[0.11594202898550725, 0.13043478260869565, 0.2572463768115942, 0.33152173913043476, 0.4905933429811867, 0.7134587554269175, 0.8321273516642547, 0.9247467438494935, 0.9710564399421129, 0.9855282199710564, 0.9942112879884226, 0.9985528219971056, 1.0, 1.0, 1.0, 1.0, 1.0, 1.0, 1.0, 1.0, 1.0, 1.0, 1.0]","[2.161527797665899, 2.048151949237537, 1.9120067895492376, 1.6861713001493774, 1.403532536732668, 1.122574392770756, 0.873413794302527, 0.6742114538402226, 0.530804720228118, 0.4382711163145958, 0.38234859489636613, 0.34916456732791284, 0.329383389798203, 0.31779661300898976, 0.3105089128275827, 0.30565548227357037, 0.30257100999527586, 0.3005913952957688, 0.299417864638946, 0.29888642773118324, 0.29873832853543275, 0.29877912395262307, 0.29895104403268397]","[0.21965317919075145, 0.3583815028901734, 0.45664739884393063, 0.5549132947976878, 0.6936416184971098, 0.7630057803468208, 0.8265895953757225, 0.8497109826589595, 0.8497109826589595, 0.8728323699421965, 0.884393063583815, 0.8901734104046243, 0.9017341040462428, 0.9075144508670521, 0.9075144508670521, 0.9075144508670521, 0.9132947976878613, 0.9190751445086706, 0.9190751445086706, 0.9190751445086706, 0.9132947976878613, 0.9132947976878613, 0.9132947976878613]",[],[],1.0,0.0573673464993633,True,1.0,0.012954675663914936,0.9132947976878613,0.29895104403268397,0.005593884020137983,0.03855046736002363,0.1250656857593272,8.404472708980939e-05,0.594,0.4158252134181269
175,32,"[69, 138, 276, 552, 1104, 1382, 1382, 1382, 1382, 1382]",9,"[3, 8, 17, 35, 57, 79, 101, 123, 145]","[55, 97, 62, 72]",mutated,3,<class 'torch.nn.modules.activation.Tanh'>,0.2,<class 'torch.optim.adamw.AdamW'>,0.0021515234499361693,0.0,,32,True,kaiming_uniform,cosine,{'T_max': 50},155375,"[2.214250519655753, 2.016707700231801, 1.8607544553452644, 1.513851487118265, 0.9026374132001797, 0.28060782162739467, 0.09983187952171876, 0.05056913609464158, 0.03259743358158168]","[0.10144927536231885, 0.34057971014492755, 0.41304347826086957, 0.5634057971014492, 0.7959479015918958, 0.9782923299565847, 1.0, 1.0, 1.0]","[2.0606220044152583, 1.8902023479428594, 1.5910909720238922, 0.9965919249319617, 0.4966975683077222, 0.3404933219355655, 0.2971218415250668, 0.28374155604339746, 0.28066701831759056]","[0.26011560693641617, 0.43352601156069365, 0.5953757225433526, 0.7976878612716763, 0.8959537572254336, 0.9248554913294798, 0.930635838150289, 0.930635838150289, 0.930635838150289]",[],[],1.0,0.05640043717167078,True,1.0,0.03259743358158168,0.930635838150289,0.28066701831759056,0.004721973459252626,0.057311769541825125,0.20953757225433534,5.534942314558347e-05,0.584,0.4088166048269436
190,128,"[69, 138, 276, 552, 1104, 1382, 1382, 1382]",7,"[1, 3, 6, 11, 17, 23, 29]","[44, 145, 93, 72]",mutated,25,<class 'torch.nn.modules.activation.Tanh'>,0.1,<class 'torch.optim.adamw.AdamW'>,0.0021515234499361693,0.0,,128,True,kaiming_uniform,cosine,{'T_max': 50},28250,"[2.186044454574585, 2.0648172730984897, 1.9015646274539009, 1.7201642817345217, 1.3176812435542105, 0.816797616340317, 0.46138859118635506]","[0.15942028985507245, 0.30434782608695654, 0.4166666666666667, 0.49094202898550726, 0.6772793053545586, 0.8769898697539797, 0.9623733719247467]","[2.129472964071814, 1.9882142020098736, 1.8091748105308223, 1.445131560970593, 1.0244232323128364, 0.7038756736441155, 0.5029272326844276]","[0.2138728323699422, 0.3988439306358382, 0.48554913294797686, 0.630057803468208, 0.7976878612716763, 0.861271676300578, 0.884393063583815]",[],[],1.0,0.05485876292499906,True,0.9623733719247467,0.46138859118635506,0.884393063583815,0.5029272326844276,0.023947151114781167,0.0558641846928888,0.31984585741811167,0.0001394424517548502,0.568,0.3976418327355264
64,32,"[69, 138, 276, 552, 1104, 1382, 1382, 1382, 1382, 1382, 1382, 1382, 1382, 1382, 1382, 1382, 1382, 1382, 1382, 1382, 1382, 1382, 1382, 1382, 1382, 1382]",25,"[3, 8, 17, 35, 57, 79, 101, 123, 145, 167, 189, 211, 233, 255, 277, 299, 321, 343, 365, 387, 409, 431, 453, 475, 497]","[99, 62, 62, 72]",mutated,25,<class 'torch.nn.modules.activation.Tanh'>,0.1,<class 'torch.optim.adamw.AdamW'>,0.0655108914701854,1e-06,,32,False,xavier_normal,cosine,{'T_max': 50},155375,"[2.558061959086985, 2.3822965794715327, 2.295627804769986, 1.6175338358118914, 1.5946411446448518, 1.327202023197014, 1.2465143160606087, 1.20997791490403, 1.319121350600302, 1.2574334888140821, 1.1282083137680583, 1.0034880536337492, 1.0674937934157818, 1.3259765787856106, 1.2740556735723305, 1.1105917738764055, 1.142047098593843, 1.114743322435923, 1.2496994418104201, 1.5243912107175062, 1.079903663929913, 1.2188094128920615, 1.4238853364018387, 1.5723128643981281, 1.4884380421314156]","[0.10144927536231885, 0.3188405797101449, 0.33695652173913043, 0.48731884057971014, 0.5615050651230101, 0.5991316931982634, 0.6439942112879884, 0.6309696092619392, 0.6251808972503617, 0.6396526772793053, 0.6671490593342981, 0.6888567293777135, 0.6613603473227206, 0.6092619392185239, 0.6063675832127352, 0.6743849493487699, 0.638205499276411, 0.6599131693198264, 0.6512301013024602, 0.5745296671490593, 0.6743849493487699, 0.613603473227207, 0.597684515195369, 0.5629522431259045, 0.5861070911722142]","[2.5205764095218197, 2.7642005165188297, 1.9480855747454429, 1.7676419426251009, 1.3430112000834735, 1.3997784208700148, 1.4148243334941093, 1.378794916792412, 2.1732898468227058, 1.0407334014859502, 1.2984505798775337, 1.261839473867692, 1.5501914000235542, 1.6240039753776065, 1.3658090282037767, 1.785964649536706, 1.4950976085800656, 1.4708184093409191, 2.010007851385657, 1.8067742951343515, 1.8092157062078487, 2.1155170126457437, 2.4532144924119716, 2.069059185209991, 1.941044987281623]","[0.2543352601156069, 0.30057803468208094, 0.4393063583815029, 0.4393063583815029, 0.5953757225433526, 0.6358381502890174, 0.5780346820809249, 0.6011560693641619, 0.4682080924855491, 0.6936416184971098, 0.6184971098265896, 0.630057803468208, 0.6473988439306358, 0.5375722543352601, 0.5549132947976878, 0.5549132947976878, 0.5606936416184971, 0.5549132947976878, 0.4913294797687861, 0.5086705202312138, 0.5260115606936416, 0.45664739884393063, 0.43352601156069365, 0.4624277456647399, 0.4277456647398844]",[],[],0.7458640720155851,0.002704049943611016,False,0.5861070911722142,1.4884380421314156,0.4277456647398844,1.941044987281623,0.0003510332077414524,0.01046284205954091,-0.09489402697495186,7.062292771696925e-07,0.028,0.01960021186878315
11,128,"[69, 138, 276, 552, 1104, 1382, 1382, 1382, 1382, 1382, 1382, 1382, 1382, 1382, 1382, 1382, 1382, 1382, 1382, 1382, 1382, 1382, 1382, 1382, 1382, 1382, 1382, 1382, 1382, 1382, 1382, 1382, 1382, 1382]",33,"[1, 3, 6, 11, 17, 23, 29, 35, 41, 47, 53, 59, 65, 71, 77, 83, 89, 95, 101, 107, 113, 119, 125, 131, 137, 143, 149, 155, 161, 167, 173, 179, 185]","[99, 97, 97, 96, 95, 93, 92, 86, 78, 71, 69, 64, 61, 60, 55, 50, 46, 35, 30, 23, 17, 7, 7, 6, 5]",pyramid,25,<class 'torch.nn.modules.activation.Tanh'>,0.1,<class 'torch.optim.sgd.SGD'>,0.0655108914701854,0.0,0.95,128,False,xavier_normal,cosine,{'T_max': 50},155375,"[2.2426979541778564, 2.2461725352466972, 2.2180128028427344, 2.2019549452740215, 2.1525019888594943, 2.0215311766360844, 1.9157192860601953, 1.9153408690230374, 1.9991068474290685, 1.9840793425025884, 1.9916201779880331, 1.9897845541861572, 1.9886158097497633, 1.9817764210459465, 1.9756364380744018, 1.976858068996159, 1.9751554241056208, 1.966391405562416, 1.9657338388404348, 1.9565304728216786, 1.9528478544458812, 1.946605105475993, 1.941383472917394, 1.934988736243738, 1.9305421427948948, 1.9142768163929456, 1.9022370951220544, 1.8859337975423347, 1.8690059928576612, 1.8400437191840364, 1.880915143382877, 1.845494970398943, 2.020583996034393]","[0.08695652173913043, 0.14492753623188406, 0.13043478260869565, 0.161231884057971, 0.1736613603473227, 0.20549927641099855, 0.20839363241678727, 0.18523878437047755, 0.1939218523878437, 0.2011577424023155, 0.18813314037626627, 0.19971056439942114, 0.19826338639652677, 0.19247467438494936, 0.19681620839363242, 0.19826338639652677, 0.2011577424023155, 0.22141823444283648, 0.21273516642547033, 0.22286541244573083, 0.22286541244573083, 0.22575976845151954, 0.2272069464544139, 0.24457308248914617, 0.2272069464544139, 0.22865412445730826, 0.23299565846599132, 0.23589001447178004, 0.2460202604920405, 0.26049204052098407, 0.24746743849493488, 0.26483357452966716, 0.24167872648335745]","[2.240844887805123, 2.2158779712081644, 2.199410318639237, 2.1539217337018495, 2.0677141826276833, 1.9621967421790767, 1.9600992788469171, 2.053162062099214, 2.0598580106834454, 2.0752396183895927, 2.097998891951721, 2.115729165215024, 2.124559592649427, 2.0928928411075836, 2.089661897262397, 2.092794459679223, 2.091356656454891, 2.1004085582115746, 2.105018283590416, 2.1081518203536898, 2.111191549742153, 2.114597528656094, 2.117124766972713, 2.125294222308032, 2.1372187950707584, 2.1505198974829876, 2.170135790212995, 2.210004795493418, 2.239590883255005, 2.325179731225692, 2.1979664295394987, 2.364005828868447, 2.215971334821227]","[0.12138728323699421, 0.13872832369942195, 0.1329479768786127, 0.19653179190751446, 0.2023121387283237, 0.20809248554913296, 0.20809248554913296, 0.1791907514450867, 0.19653179190751446, 0.19653179190751446, 0.18497109826589594, 0.20809248554913296, 0.1907514450867052, 0.20809248554913296, 0.18497109826589594, 0.18497109826589594, 0.18497109826589594, 0.20809248554913296, 0.20809248554913296, 0.20809248554913296, 0.20809248554913296, 0.18497109826589594, 0.18497109826589594, 0.18497109826589594, 0.20809248554913296, 0.20809248554913296, 0.20809248554913296, 0.20809248554913296, 0.20809248554913296, 0.17341040462427745, 0.18497109826589594, 0.17341040462427745, 0.18497109826589594]",[],[],0.5075806883688637,3.017265861731864e-10,False,0.24167872648335745,2.020583996034393,0.18497109826589594,2.215971334821227,0.00034556421211359635,0.00048550777396925423,-0.0052384393063583945,7.341532372470799e-09,0.0,2.20245971174124e-09
230,32,"[69, 138]",1,[3],"[99, 11, 11, 55]",mutated,3,<class 'torch.nn.modules.activation.Tanh'>,0.1,<class 'torch.optim.adamw.AdamW'>,0.0021515234499361693,1e-06,,32,True,xavier_normal,cosine,{'T_max': 50},28250,[2.1906170637711235],[0.17391304347826086],[2.132463616442818],[0.23699421965317918],[],[],0.38699421965317915,2.4913120330501693e-11,False,0.17391304347826086,2.1906170637711235,0.23699421965317918,2.132463616442818,0.0,0.0,0.0,6.532898134359932e-10,0.0,1.9598694403079798e-10
233,16,"[69, 138]",1,[5],"[55, 16, 11, 55]",mutated,3,<class 'torch.nn.modules.activation.Tanh'>,0.2,<class 'torch.optim.adamw.AdamW'>,0.0021515234499361693,0.0,,16,True,kaiming_uniform,none,{'T_max': 50},28250,[2.291517948758775],[0.13043478260869565],[2.133288174006291],[0.2138728323699422],[],[],0.36387283236994217,1.4902230737783203e-11,False,0.13043478260869565,2.291517948758775,0.2138728323699422,2.133288174006291,0.0,0.0,0.0,4.1141119808759963e-10,0.0,1.234233594262799e-10
227,32,"[69, 138]",1,[3],"[28, 23, 17, 17, 23, 28]",hourglass,5,<class 'torch.nn.modules.activation.GELU'>,0.4,<class 'torch.optim.adam.Adam'>,0.03903304514522225,1e-06,,32,True,kaiming_uniform,exponential,{'gamma': 0.99},14125,[6.756938032481981],[0.08695652173913043],[2.2491806173600213],[0.14450867052023122],[],[],0.2945086705202312,2.12738720067581e-12,False,0.08695652173913043,6.756938032481981,0.14450867052023122,2.2491806173600213,0.0,0.0,0.0,1.027511696825894e-10,0.0,3.0825350904776826e-11
232,64,"[69, 138]",1,[2],"[99, 86, 62, 72, 128]",mutated,3,<class 'torch.nn.modules.activation.Tanh'>,0.2,<class 'torch.optim.adamw.AdamW'>,0.00041348319330092163,1e-06,,64,False,xavier_normal,cosine,{'T_max': 50},169500,[2.2165047327677407],[0.10144927536231885],[2.1896648282949633],[0.12138728323699421],[],[],0.27138728323699424,5.528477016415075e-13,False,0.10144927536231885,2.2165047327677407,0.12138728323699421,2.1896648282949633,0.0,0.0,0.0,6.470785392024365e-11,0.0,1.9412356176073097e-11
228,64,"[69, 138]",1,[2],"[63, 49, 47]",irregular,3,<class 'torch.nn.modules.activation.ELU'>,0.4,<class 'torch.optim.sgd.SGD'>,0.0024924609638145774,0.0001,0.95,64,True,xavier_uniform,none,{},14157,[2.4993589995563896],[0.13043478260869565],[2.244921451359126],[0.11560693641618497],[],[],0.26560693641618494,2.604633687186551e-13,False,0.13043478260869565,2.4993589995563896,0.11560693641618497,2.244921451359126,0.0,0.0,0.0,5.7643395068516504e-11,0.0,1.7293018520554954e-11
229,128,"[69, 138]",1,[1],"[52, 52, 52, 52, 52, 52, 52, 52, 52, 52, 52, 52, 52, 52, 52, 52, 52]",constant,17,<class 'torch.nn.modules.activation.ReLU'>,0.3,<class 'torch.optim.adam.Adam'>,0.0014193289437854572,0.01,,128,False,kaiming_normal,exponential,{'gamma': 0.99},14189,[15.010721206665039],[0.11594202898550725],[2.3082315218930987],[0.10982658959537572],[],[],0.25982658959537575,0.0,False,0.11594202898550725,15.010721206665039,0.10982658959537572,2.3082315218930987,0.0,0.0,0.0,5.135019620830029e-11,0.0,1.540505886249009e-11
231,256,"[69, 138]",1,[1],"[44, 86, 79, 55]",mutated,7,<class 'torch.nn.modules.activation.GELU'>,0.1,<class 'torch.optim.adamw.AdamW'>,0.0021515234499361693,0.0,,256,True,kaiming_uniform,cosine,{'T_max': 100},28250,[2.295529842376709],[0.07246376811594203],[2.2244887351989746],[0.10982658959537572],[],[],0.25982658959537575,0.0,False,0.07246376811594203,2.295529842376709,0.10982658959537572,2.2244887351989746,0.0,0.0,0.0,5.135019620830029e-11,0.0,1.540505886249009e-11
