{
    "best_model": "SVC",
    "best_accuracy": 0.8554502369668247,
    "total_training_time_sec": 0.6046442985534668,
    "all_results": {
        "LogisticRegression": {
            "test_acc": 0.8483412322274881,
            "training_time_sec": 0.0045719146728515625
        },
        "SVC": {
            "test_acc": 0.8554502369668247,
            "training_time_sec": 0.0279998779296875
        },
        "DecisionTree": {
            "test_acc": 0.8270142180094787,
            "training_time_sec": 0.00900125503540039
        },
        "RandomForest": {
            "test_acc": 0.8554502369668247,
            "training_time_sec": 0.18051743507385254
        },
        "GradientBoosting": {
            "test_acc": 0.8483412322274881,
            "training_time_sec": 0.24852991104125977
        },
        "AdaBoost": {
            "test_acc": 0.8483412322274881,
            "training_time_sec": 0.07901334762573242
        },
        "KNN": {
            "test_acc": 0.8459715639810427,
            "training_time_sec": 0.0009996891021728516
        },
        "NaiveBayes": {
            "test_acc": 0.8127962085308057,
            "training_time_sec": 0.00099945068359375
        },
        "QDA": {
            "test_acc": 0.8412322274881516,
            "training_time_sec": 0.002000570297241211
        },
        "LDA": {
            "test_acc": 0.8554502369668247,
            "training_time_sec": 0.01551055908203125
        }
    }
}