{
    "best_model": "SVC",
    "best_accuracy": 0.72,
    "total_training_time_sec": 0.27652978897094727,
    "all_results": {
        "LogisticRegression": {
            "test_acc": 0.705,
            "training_time_sec": 0.002000570297241211
        },
        "SVC": {
            "test_acc": 0.72,
            "training_time_sec": 0.009000062942504883
        },
        "DecisionTree": {
            "test_acc": 0.63,
            "training_time_sec": 0.0020017623901367188
        },
        "RandomForest": {
            "test_acc": 0.715,
            "training_time_sec": 0.08701348304748535
        },
        "GradientBoosting": {
            "test_acc": 0.7,
            "training_time_sec": 0.09801340103149414
        },
        "AdaBoost": {
            "test_acc": 0.71,
            "training_time_sec": 0.04250478744506836
        },
        "KNN": {
            "test_acc": 0.68,
            "training_time_sec": 0.0
        },
        "NaiveBayes": {
            "test_acc": 0.7,
            "training_time_sec": 0.0009999275207519531
        },
        "QDA": {
            "test_acc": 0.695,
            "training_time_sec": 0.0010001659393310547
        },
        "LDA": {
            "test_acc": 0.695,
            "training_time_sec": 0.01399993896484375
        }
    }
}