{
    "seed": 14125,
    "data_id": 1067,
    "time_taken": 134.47603344917297,
    "max_training_metric": 0.8692,
    "test_accuracy_best_non_nn_model": 0.8554502369668247
}