{
    "seed": 14125,
    "data_id": 3,
    "time_taken": 87.71325063705444,
    "max_training_metric": 0.9993,
    "test_accuracy_best_non_nn_model": 0.99375
}