{
    "seed": 13,
    "data_id": 54,
    "training_time": 99.85808849334717,
    "max_train_acc": 0.9611111111111111,
    "min_train_loss": 0.09958343917021045,
    "max_val_acc": 0.8308823529411765,
    "min_val_loss": 0.37542542815208435,
    "max_test_acc": 0.7823529411764706,
    "min_test_loss": 0.4161348027341506
}